Kallakurichi,11.734,78.959,India
Najafgarh,28.609,76.98,India
Pimpri,18.623,73.807,India
Kalyan,19.244,73.136,India
Nowrangapur,19.231,82.548,India
Dombivli,19.217,73.083,India
Teni,10.011,77.478,India
Haora,22.577,88.319,India
Sambhaji Nagar,19.878,75.342,India
Shivaji Nagar,18.53,73.853,India
Tiruppur,11.115,77.355,India
Mysore,12.298,76.639,India
Rohini,28.743,77.068,India
Kanayannur,9.967,76.267,India
Hubli,15.348,75.134,India
Narela,28.853,77.093,India
Puducherry,11.934,79.83,India
Borivli,19.235,72.86,India
Cochin,9.94,76.26,India
Bokaro,23.669,86.152,India
Raurkela,22.225,84.864,India
Dehra Dun,30.324,78.034,India
Bhayandar,19.302,72.851,India
Ulhasnagar,19.217,73.15,India
Bilimora,20.77,72.961,India
Karol Bagh,28.651,77.191,India
Vellore,12.918,79.133,India
Bhatpara,22.866,88.401,India
Kurnool,15.829,78.036,India
Ramgundam,18.801,79.452,India
Maheshtala,22.509,88.253,India
Shyamnagar,22.833,88.367,India
Malegaon,20.55,74.535,India
Davangere,14.467,75.927,India
Rajpur Sonarpur,22.438,88.432,India
Korba,22.346,82.696,India
Mangalore,12.917,74.856,India
Thoothukudi,8.767,78.134,India
Panihati,22.691,88.374,India
Rajahmundry,17.005,81.778,India
Ahmadnagar,19.095,74.738,India
Kollam,8.881,76.585,India
Dhulia,20.901,74.777,India
Bhagalpur,25.244,86.972,India
Punasa,22.235,76.393,India
Muzaffarnagar,29.471,77.703,India
Latur,18.397,76.568,India
Kukatpalli,17.485,78.414,India
Ambattur,13.098,80.162,India
Bellary,15.142,76.924,India
Muzaffarpur,26.123,85.391,India
Kamarhati,22.671,88.375,India
Mathura,27.503,77.672,India
Patiala,30.336,76.392,India
Chanda,19.951,79.295,India
Bhilwara,25.347,74.641,India
Brahmapur,19.312,84.793,India
Shahjanpur,27.882,79.909,India
Shimoga,13.932,75.568,India
New Delhi,28.636,77.224,India
Rohtak,28.894,76.589,India
Thrissur,10.517,76.217,India
Tumkur,13.341,77.102,India
Nizamabad,18.672,78.099,India
Kulti,23.732,86.844,India
Barddhaman,23.256,87.857,India
Barasat,22.722,88.482,India
Mulugu,18.191,79.943,India
Bali,22.649,88.341,India
Hisar,29.154,75.723,India
Rampur,28.81,79.027,India
Greater Noida,28.496,77.536,India
Kakinada,16.96,82.238,India
Panipat,29.387,76.968,India
Dindigul,10.369,77.98,India
Thanjavur,10.785,79.139,India
Parbhani,19.269,76.771,India
Darbhanga,26.152,85.897,India
Alwar,27.562,76.625,India
Ichalkaranji,16.691,74.461,India
Bijapur,16.824,75.715,India
Aizawl,23.729,92.718,India
Ranipet,12.925,79.333,India
Jalna,19.841,75.886,India
Lal Bahadur Nagar,17.348,78.558,India
Dewas,22.966,76.055,India
Baranagar,22.641,88.377,India
Gajuwaka,17.7,83.217,India
Etawah,26.776,79.021,India
Durg,21.191,81.276,India
Naihati,22.894,88.415,India
Sonipat,28.995,77.019,India
Avadi,13.115,80.11,India
Tiruvottiyur,13.158,80.302,India
Saugor,23.839,78.739,India
Mau,25.942,83.561,India
Bihar Sharif,25.201,85.524,India
Hapur,28.73,77.781,India
Bathinda,30.207,74.939,India
Farrukhabad,27.391,79.579,India
Alappuzha,9.49,76.326,India
Anantapur,14.678,77.608,India
Ratlam,23.33,75.04,India
Ramagundam,18.755,79.474,India
Sivakasi,9.45,77.798,India
Karur,10.958,78.081,India
Ganganagar,29.92,73.875,India
Hosur,12.736,77.833,India
Bharatpur,27.217,77.49,India
Karimnagar,18.439,79.129,India
Shrirampur,22.753,88.342,India
Raichur,16.205,77.356,India
Quthbullapur,17.501,78.458,India
Karnal,29.692,76.984,India
Nagercoil,8.179,77.432,India
Arrah,25.556,84.663,India
Imphal,24.808,93.944,India
Gosaba,22.165,88.801,India
Kanchipuram,12.835,79.7,India
Mirzapur,25.145,82.565,India
Kharagpur,22.34,87.325,India
Amarnath,19.2,73.167,India
Pali,25.773,73.323,India
Yamunanagar,30.128,77.284,India
Secunderabad,17.504,78.543,India
Bidar,17.908,77.515,India
Agartala,23.836,91.279,India
Monghyr,25.375,86.475,India
Deoghar,24.49,86.699,India
Burhanpur,21.309,76.23,India
Nadiad,22.694,72.862,India
Chapra,25.78,84.747,India
Panchkula,30.695,76.85,India
Gyanpur,25.333,82.466,India
Sikar,27.612,75.14,India
Bulandshahr,28.404,77.858,India
Purnia,25.779,87.474,India
Hospet,15.27,76.387,India
Gurgaon,28.46,77.026,India
Sambhal,28.585,78.57,India
Gandhinagar,23.217,72.683,India
Murwara,23.838,80.394,India
Kumarapalayam,11.445,77.711,India
Nangloi Jat,28.68,77.068,India
Machilipatnam,16.187,81.139,India
Katihar,25.539,87.57,India
Bhiwani,28.793,76.14,India
Raebareli,26.231,81.233,India
Haridwar,29.948,78.16,India
Singrauli,24.2,82.675,India
Phusro,23.756,86.005,India
Junagadh,21.52,70.46,India
Sujangarh,27.7,74.467,India
Ellore,16.713,81.104,India
Bhusaval,21.044,75.785,India
Khandwa,21.824,76.351,India
Bahraigh,27.574,81.595,India
Karaikkudi,10.066,78.768,India
Sirsa,29.535,75.029,India
Chandannagar,22.862,88.368,India
Baharampur,24.105,88.252,India
Shahuwadi,16.91,73.947,India
Surendranagar,22.727,71.649,India
Vizianagaram,18.117,83.411,India
Neyveli,11.609,79.499,India
Proddatur,14.75,78.548,India
Hugli,22.909,88.397,India
Amroha,28.903,78.47,India
Tambaram,12.925,80.127,India
Pathankot,32.275,75.653,India
Bhind,26.567,78.787,India
Cuddalore,11.756,79.767,India
Ongole,15.504,80.045,India
Gadag-Betageri,15.417,75.617,India
Navsari,20.942,72.925,India
Puri,19.798,85.825,India
Haldia,22.06,88.11,India
Khammam,17.248,80.144,India
Raiganj,25.613,88.124,India
Ingraj Bazar,25.004,88.146,India
Jaunpur,25.754,82.687,India
Kumbakonam,10.962,79.391,India
Fatehpur,25.928,80.813,India
Gandhidham,23.083,70.133,India
Nandyal,15.478,78.484,India
Udupi,13.335,74.746,India
Loni,28.751,77.29,India
Sitapur,27.562,80.683,India
Shivpuri,25.424,77.662,India
Bhadravati,13.848,75.705,India
Adoni,15.628,77.275,India
Veraval,20.908,70.368,India
Sambalpur,21.465,83.976,India
Gadag,15.43,75.63,India
Unnao,26.547,80.488,India
Budaun,28.038,79.127,India
Jind,29.316,76.315,India
Madhyamgram,22.689,88.446,India
Jamuria,23.705,87.079,India
Jaigaon,26.848,89.376,India
Orai,25.99,79.453,India
Hoshiarpur,31.537,75.913,India
Pallavaram,12.968,80.15,India
Hanumangarh,29.582,74.329,India
Alandur,13.002,80.206,India
Guna,24.647,77.311,India
Bahadurgarh,28.693,76.936,India
Hazaribagh,23.992,85.362,India
Bharuch,21.695,72.981,India
Medinipur,22.421,87.323,India
Fyzabad,26.775,82.15,India
Dinapore,25.637,85.048,India
Silchar,24.827,92.798,India
Banda,25.478,80.335,India
Morena,26.499,77.995,India
Tonk,26.166,75.788,India
Raj-Nandgaon,21.097,81.029,India
Serilingampalle,17.493,78.302,India
Virar,19.456,72.811,India
Malkajgiri,17.448,78.526,India
Shantipur,23.247,88.433,India
Barakpur,22.766,88.363,India
Ambala,30.361,76.798,India
Krishnanagar,23.406,88.491,India
Saharsa,25.875,86.596,India
Batala,31.809,75.203,India
Bhimavaram,16.541,81.523,India
Balurghat,25.221,88.777,India
Kaithal,29.802,76.4,India
Lakhimpur,27.948,80.779,India
Haldwani,29.223,79.529,India
Habra,22.842,88.656,India
Porbandar,21.642,69.609,India
Chitradurga,14.223,76.4,India
Thanesar,29.973,76.832,India
Tiruvannamalai,12.227,79.075,India
Anand,22.553,72.955,India
Kanchrapara,22.96,88.428,India
Mahbubnagar,16.744,77.986,India
Dimapur,25.912,93.722,India
Robertsonpet,12.956,78.275,India
Chhindwara,22.057,78.94,India
Mandya,12.522,76.897,India
Bankura,23.232,87.072,India
Hajipur,25.685,85.21,India
Gonda City,27.132,81.953,India
Bhuj,23.254,69.669,India
Hindupur,13.828,77.491,India
Shillong,25.569,91.883,India
Palakkad,10.773,76.654,India
Godhra,22.775,73.615,India
Kishangarh,26.59,74.854,India
Raniganj,23.616,87.131,India
Pilibhit,28.631,79.804,India
Beawar,26.101,74.32,India
Abohar,30.145,74.196,India
Moga,30.814,75.169,India
Dehri,24.902,84.182,India
Deoria,26.502,83.779,India
Hassan,13.007,76.096,India
Khardah,22.719,88.378,India
Yavatmal,20.393,78.132,India
Halisahar,22.932,88.419,India
Panvel,18.989,73.11,India
Titagarh,22.743,88.373,India
Kadapa,14.48,78.823,India
Bettiah,26.802,84.503,India
Hathras,27.596,78.052,India
Lalitpur,24.69,78.419,India
Kolar,13.138,78.13,India
Mandsaur,24.072,75.07,India
Gondia,21.46,80.192,India
Rajapalaiyam,9.453,77.553,India
Darjiling,27.033,88.267,India
Mohali,30.68,76.722,India
Palanpur,24.171,72.438,India
Dam Dam,22.633,88.423,India
Hardoi,27.395,80.132,India
Puruliya,23.331,86.363,India
Dibrugarh,27.48,94.908,India
Palwal,28.145,77.325,India
Nalgonda,17.054,79.267,India
Bhadreswar,22.824,88.338,India
Vejalpur,22.69,73.563,India
Chikmagalur,13.322,75.774,India
Raigarh,21.898,83.397,India
Guntakal Junction,15.171,77.362,India
Gangapur,26.472,76.717,India
Deoli,28.503,77.231,India
Siwan,26.221,84.356,India
Damoh,23.833,79.442,India
Adilabad,19.672,78.536,India
Srikakulam,18.299,83.898,India
Uppal Kalan,17.406,78.559,India
Jetpur,21.755,70.623,India
Morbi,22.817,70.838,India
Patan,23.851,72.13,India
Khanna,30.705,76.222,India
Botad,22.169,71.667,India
Rishra,22.724,88.346,India
Azamgarh,26.068,83.184,India
Yelahanka,13.101,77.596,India
Gudivada,16.435,80.996,India
Baidyabati,22.785,88.326,India
Basti,26.788,82.716,India
Balasore,21.493,86.933,India
Dharmavaram,14.414,77.72,India
Maler Kotla,30.531,75.879,India
Wardha,20.739,78.598,India
Jhunjhunun,28.126,75.398,India
Satara,17.686,73.993,India
Chanduasi,28.452,78.783,India
Mothihari,26.649,84.917,India
Chas,23.636,86.167,India
Pudukkottai,10.381,78.821,India
Dharashiv,18.182,76.039,India
Rewari,28.199,76.618,India
Port Blair,11.666,92.746,India
Suriapet,17.141,79.62,India
Bangaon,23.046,88.831,India
Chhatarpur,24.918,79.589,India
Ashoknagar Kalyangarh,22.864,88.637,India
Achalpur,21.257,77.51,India
Navadwip,23.407,88.369,India
Barsi,18.235,75.693,India
Sultanpur,26.258,82.073,India
Ambur,12.792,78.716,India
Narmadapuram,22.747,77.727,India
Sawai Madhopur,26.023,76.344,India
Madanapalle,13.55,78.503,India
Bansbaria,22.954,88.401,India
Tadepallegudem,16.815,81.527,India
Jalpaiguri,26.517,88.733,India
Chittaurgarh,24.89,74.624,India
Gangawati,15.431,76.529,India
Khurja,28.254,77.855,India
Ponnani,10.767,75.925,India
Barnala,30.375,75.549,India
Badlapur,19.155,73.266,India
Soyibug,34.077,74.706,India
Roorkee,29.866,77.891,India
Bagaha,27.099,84.09,India
Churu,28.304,74.967,India
Nagda,23.458,75.418,India
Kashipur,29.214,78.957,India
Ghazipur,25.583,83.585,India
Begusarai,25.419,86.134,India
Amaravati,16.514,80.516,India
Dhaulpur,26.693,77.88,India
Mormugao,15.389,73.815,India
Ferozepore,30.926,74.613,India
Gondal,21.961,70.803,India
Malappuram,11.042,76.082,India
Seoni,22.085,79.55,India
Jagadhri,30.167,77.304,India
Mirialguda,16.872,79.562,India
Udgir,18.393,77.118,India
Chirmiri,23.191,82.353,India
Jamalpur,25.313,86.489,India
Nandurbar,21.367,74.241,India
Itarsi,22.615,77.762,India
Vasco da Gama,15.396,73.816,India
Phagwara,31.225,75.774,India
Airoli,19.151,72.996,India
Amreli,21.6,71.212,India
Shikohabad,27.108,78.587,India
Kasganj,27.809,78.646,India
Sehore,23.2,77.083,India
Ranibennur,14.622,75.63,India
Jagtial,18.795,78.917,India
Bhadrakh,21.054,86.516,India
Bundi,25.439,75.637,India
Mughal Sarai,25.283,83.12,India
Shamli,29.45,77.31,India
Hinganghat,20.549,78.84,India
Villupuram,11.94,79.492,India
Amalner,21.04,75.059,India
Bagalkot,16.187,75.696,India
Tellicherry,11.748,75.493,India
Narasaraopet,16.235,80.049,India
Nagaur,27.202,73.734,India
Nawada,24.887,85.544,India
Jahanabad,25.214,84.987,India
Chalisgaon,20.458,75.016,India
Buxar,25.575,83.98,India
Sahibganj,25.244,87.635,India
Pandharpur,17.679,75.331,India
Hindaun,26.734,77.035,India
Khargone,21.823,75.614,India
Parli Vaijnath,18.851,76.532,India
Kishanganj,26.102,87.955,India
Mainpuri,27.229,79.029,India
Khamgaon,20.707,76.568,India
Negapatam,10.764,79.843,India
Chilakalurupet,16.09,80.167,India
Gudiyatham,12.946,78.874,India
Makrana,27.044,74.724,India
Banswara,23.541,74.442,India
Baraut,29.102,77.263,India
Closepet,12.722,77.281,India
Kalyani,22.976,88.434,India
Tadpatri,14.908,78.01,India
Kapurthala,31.38,75.381,India
Disa,24.256,72.179,India
Ballalpur,19.847,79.346,India
Kohima,25.675,94.111,India
Betul,21.901,77.902,India
Bagaha,24.529,85.06,India
Balangir,20.704,83.49,India
Datia,25.673,78.459,India
Valparai,10.327,76.951,India
Kovilpatti,9.172,77.87,India
Vaniyambadi,12.682,78.62,India
Bhandara,21.168,79.649,India
Roha,18.437,73.12,India
Muktsar,30.474,74.517,India
Luckeesarai,25.177,86.095,India
Barmer,25.746,71.392,India
Muradnagar,28.781,77.499,India
Tinsukia,27.489,95.36,India
Shahdol,23.294,81.362,India
Manjeri,11.12,76.12,India
Mahoba,25.291,79.875,India
Contai,21.78,87.749,India
Sangrur,30.245,75.845,India
Pollachi,10.658,77.008,India
Deoband,29.695,77.68,India
Neyyattinkara,8.399,77.086,India
Tanda,26.55,82.658,India
Baran,25.1,76.517,India
Dhamtari,20.707,81.549,India
Tiruchengode,11.38,77.894,India
Chirala,15.824,80.352,India
Jharia,23.741,86.415,India
Akot,21.096,77.059,India
Rajpura,30.479,76.593,India
Madgaon,15.275,73.958,India
Sardarshahr,28.441,74.491,India
Mayiladuthurai,11.104,79.655,India
Kamthi,21.216,79.197,India
Paradip Garh,20.316,86.609,India
Paramagudi,9.546,78.591,India
Aruppukkottai,9.51,78.096,India
Baruni,25.475,85.968,India
Bijnor,29.373,78.136,India
Anakapalle,17.691,83.004,India
Najibabad,29.612,78.343,India
Dohad,22.833,74.26,India
Ramgarh,23.63,85.522,India
Kavali,14.916,79.994,India
Fatehpur,27.995,74.956,India
Jangipur,24.47,88.077,India
Dhar,22.594,75.298,India
Hansi,29.102,75.963,India
Kadiri,14.112,78.16,India
Dhoraji,21.734,70.45,India
Rayachoti,14.057,78.751,India
Khambhat,22.317,72.619,India
Nirmal,19.097,78.344,India
Emmiganur,15.772,77.483,India
Jeypore,18.856,82.572,India
Kotkapura,30.582,74.833,India
Udhampur,32.924,75.136,India
Kairana,29.395,77.205,India
Balaghat,21.816,80.188,India
Mansa,29.988,75.402,India
Anantnag,33.731,75.154,India
Karaikal,10.917,79.833,India
Jharsuguda,21.855,84.007,India
Brajarajnagar,21.817,83.917,India
Kottagudem,17.551,80.618,India
Nawabganj,26.931,81.198,India
Arakkonam,13.084,79.671,India
Koch Bihar,26.325,89.445,India
Doddaballapura,13.295,77.538,India
Bhadohi,25.395,82.57,India
Katoya,23.646,88.133,India
Jamui,24.926,86.225,India
Harihar,14.513,75.807,India
Mancheral,18.871,79.429,India
Kadayanallur,9.073,77.342,India
Daltonganj,24.04,84.066,India
Faridkot,30.674,74.756,India
Balrampur,27.429,82.185,India
Baramula,34.209,74.343,India
Dhulian,24.681,87.954,India
Mawana,29.103,77.922,India
Budge Budge,22.483,88.182,India
Kundla,21.342,71.306,India
Manmad,20.253,74.438,India
Kannauj,27.055,79.919,India
Malaut,30.211,74.482,India
Nagina,29.444,78.436,India
Badagara,11.598,75.581,India
Jagdalpur,19.081,82.021,India
Jhumri Telaiya,24.435,85.53,India
Konnagar,22.705,88.344,India
Ratnagiri,16.992,73.31,India
Hingoli,19.715,77.142,India
Bodinayakkanur,10.012,77.35,India
Khadki,18.564,73.852,India
Dhrangadhra,22.992,71.468,India
Paloncha,17.602,80.705,India
Gudur,14.151,79.852,India
Ankleshwar,21.632,72.99,India
Tikamgarh,24.743,78.831,India
Srivilliputhur,9.513,77.634,India
Pilkhua,28.713,77.656,India
Ambajogai,18.733,76.386,India
Bela,25.921,81.996,India
Bodhan,18.662,77.886,India
Rabkavi,16.476,75.111,India
Karauli,26.498,77.028,India
Savarkundla,21.337,71.303,India
Shahabad,27.643,79.94,India
Chandpur,29.135,78.272,India
Gokak,16.169,74.824,India
Sikandarabad,28.452,77.7,India
Virudunagar,9.585,77.958,India
Dausa,26.89,76.336,India
Valsad,20.61,72.934,India
Ambikapur,23.119,83.195,India
Palghar,19.697,72.765,India
Dharapuram,10.738,77.532,India
Chintamani,13.401,78.052,India
Faridpur,28.21,79.541,India
Pusad,19.913,77.578,India
Madhubani,26.354,86.072,India
Sirsilla,18.389,78.81,India
Vapi,20.372,72.905,India
Kamareddi,18.32,78.342,India
Bolpur,23.663,87.697,India
Ranaghat,23.176,88.567,India
Fazilka,30.402,74.028,India
Beypore,11.172,75.806,India
Dadri,28.553,77.554,India
Auraiya,26.465,79.509,India
Bapatla,15.904,80.467,India
Payyannur,12.094,75.202,India
Talipparamba,12.042,75.359,India
Tindivanam,12.234,79.656,India
Shirpur,21.348,74.88,India
Basoda,23.852,77.937,India
Jorhat,26.758,94.203,India
Sindhnur,15.77,76.756,India
Bargarh,21.333,83.619,India
Washim,20.111,77.133,India
Visnagar,23.699,72.552,India
Palwancha,17.582,80.677,India
Keshod,21.303,70.249,India
Kannangad,12.308,75.106,India
Bisalpur,28.293,79.805,India
Tanuku,16.754,81.681,India
Attili,16.7,81.6,India
Balotra,25.832,72.24,India
Pithampur,22.602,75.696,India
Chamrajnagar,11.923,76.939,India
Pattukkottai,10.424,79.319,India
Araria,26.149,87.513,India
Harda Khas,22.344,77.095,India
Sangamner,19.568,74.212,India
Jaora,23.638,75.127,India
Buldana,20.529,76.185,India
Mettupalayam,11.3,76.935,India
Anjar,23.113,70.027,India
Bellampalli,19.056,79.493,India
Channapatna,12.651,77.207,India
Ratangarh,28.081,74.619,India
Krishnagiri,12.519,78.214,India
Rishikesh,30.108,78.293,India
Goyerkata,26.7,89.026,India
Chaibasa,22.55,85.802,India
Mandamarri,18.965,79.475,India
Palani,10.45,77.521,India
Narnaul,28.044,76.108,India
Dharmapuri,12.128,78.158,India
Fatehabad,29.515,75.456,India
Palasa,18.773,84.41,India
Basavakalyan,17.874,76.95,India
Chengalpattu,12.692,79.977,India
Chopda,21.246,75.299,India
Thenkasi,8.96,77.315,India
Yadgir,16.77,77.138,India
Gangarampur,25.401,88.53,India
Ramanathapuram,9.372,78.831,India
Jagraon,30.788,75.474,India
Alipur Duar,26.483,89.523,India
Kopargaon,19.882,74.476,India
Bongaigaon,26.477,90.558,India
Malkapur,20.886,76.199,India
Karanja,20.483,77.489,India
Khatauli,29.278,77.733,India
Ashoknagar,24.576,77.731,India
Siuri,23.908,87.528,India
Nabha,30.376,76.153,India
Siddipet,18.105,78.849,India
Bhawanipatna,19.907,83.167,India
Khopoli,18.786,73.346,India
Karwar,14.814,74.13,India
Kayankulam,9.182,76.501,India
Chinnachowk,14.475,78.835,India
Bishnupur,23.074,87.32,India
Markapur,15.735,79.268,India
Basmat,19.329,77.157,India
Baheri,28.774,79.497,India
Kunnamkulam,10.647,76.067,India
Raghogarh,24.443,77.198,India
Gopalganj,26.467,84.44,India
Tura,25.514,90.202,India
Rajsamand,25.071,73.88,India
Tandur,17.248,77.577,India
Kalamassery,10.061,76.326,India
Suratgarh,29.322,73.9,India
Mannargudi,10.666,79.451,India
Sopur,34.287,74.472,India
Arni,12.668,79.285,India
Kannur,11.868,75.358,India
Dhuburi,26.019,89.986,India
Puliyangudi,9.175,77.398,India
Sheopur,25.665,76.696,India
Renukut,24.216,83.036,India
Dhenkanal,20.657,85.597,India
Dabwali,29.949,74.738,India
Sibsagar,26.984,94.638,India
Rath,25.595,79.567,India
Jamkhandi,16.505,75.291,India
Sirsi,14.621,74.836,India
Vriddhachalam,11.518,79.324,India
Vinukonda,16.053,79.74,India
Tiptur,13.256,76.478,India
Sahaswan,28.072,78.751,India
Koppal,15.345,76.155,India
Sirhind,30.643,76.384,India
Dabra,25.886,78.332,India
Cumbum,9.736,77.285,India
Arambagh,22.883,87.783,India
Himatnagar,23.599,72.966,India
Ladnun,27.653,74.4,India
Nipani,16.399,74.383,India
Borsad,22.408,72.898,India
Koratla,18.822,78.712,India
Kiratpur,29.507,78.206,India
Vrindavan,27.581,77.697,India
Haveri,14.794,75.404,India
Supaul,26.115,86.595,India
Giridih,24.186,86.309,India
Bangaon,25.867,86.512,India
Rayadrug,14.7,76.852,India
North Lakhimpur,27.235,94.104,India
Tohana,29.713,75.904,India
Gangoh,29.78,77.263,India
Mangalagiri,16.431,80.568,India
Narasapur,16.434,81.698,India
Sangareddi,17.625,78.087,India
Kodar,16.998,79.966,India
Ullal,12.806,74.861,India
Mangrol,21.123,70.115,India
Gola Gokarannath,28.078,80.471,India
Modasa,23.463,73.299,India
Tezpur,26.633,92.8,India
Thiruvarur,10.773,79.637,India
Attur,11.594,78.601,India
Chidambaram,11.399,79.691,India
Tarn Taran,31.452,74.928,India
Udumalaippettai,10.588,77.248,India
Lonavla,18.753,73.406,India
Shahada,21.545,74.471,India
Nawalgarh,27.852,75.274,India
Nedumangad,8.603,77.001,India
Nimbahera,24.622,74.68,India
Kadi,23.299,72.334,India
Sira,13.742,76.904,India
Chik Ballapur,13.435,77.728,India
Bardoli,21.123,73.112,India
Jhargram,22.454,86.995,India
Samastipur,25.862,85.78,India
Gobichettipalayam,11.455,77.442,India
Hasanpur,28.722,78.284,India
Jahangirabad,28.405,78.106,India
Sherkot,29.327,78.574,India
Katras,23.798,86.298,India
Palakollu,16.517,81.73,India
Wani,20.055,78.953,India
Naksalbari,26.683,88.22,India
Tiruvalla,9.382,76.575,India
Ponnuru,16.065,80.552,India
Diphu,25.843,93.431,India
Sitamarhi,26.594,85.491,India
Chhibramau,27.149,79.501,India
Tilhar,27.963,79.738,India
Ilkal,15.959,76.114,India
Bada Barabil,22.112,85.387,India
Mettur,11.788,77.801,India
Kuchaman,27.147,74.857,India
Panruti,11.777,79.553,India
Una,20.823,71.038,India
Ponnur,16.071,80.549,India
Kollegal,12.154,77.111,India
Shegaon,20.793,76.699,India
Upleta,21.74,70.283,India
Ujhani,28.003,79.008,India
Bankra,22.603,88.278,India
Dabhoi,22.183,73.433,India
Bari,26.647,77.616,India
Obra,24.419,82.988,India
Gohana,29.138,76.702,India
Jatani,20.16,85.707,India
Namakkal,11.221,78.165,India
Gadwal,16.235,77.796,India
Palitana,21.525,71.823,India
Nokha,27.562,73.471,India
Laharpur,27.708,80.903,India
Narwana,29.599,76.119,India
Islampur,26.265,88.19,India
Karad,17.289,74.182,India
Kottayam,9.587,76.521,India
Jalaun,26.145,79.337,India
Karimganj,24.869,92.355,India
Mokameh,25.397,85.922,India
Etawa,24.184,78.203,India
Wanparti,16.367,78.069,India
Samalkot,17.057,82.176,India
Anjangaon,21.165,77.309,India
Dholka,22.727,72.441,India
Tirur,10.914,75.921,India
Kandi,23.959,88.04,India
Ghatal,22.662,87.734,India
Unjha,23.804,72.391,India
Sendhwa,21.686,75.096,India
Tiruttangal,9.483,77.833,India
Siddhapur,23.918,72.372,India
Dhuri,30.368,75.868,India
Sidhi,24.404,81.88,India
Wokha,26.097,94.258,India
Kalna,23.219,88.363,India
Baramati,18.152,74.578,India
Kandukur,15.215,79.904,India
Sunam,30.129,75.799,India
Gaddi Annaram,17.367,78.524,India
Sattenapalle,16.394,80.152,India
Hiriyur,13.945,76.617,India
Challakere,14.318,76.652,India
Rampur Hat,24.177,87.783,India
Masaurhi Buzurg,25.354,85.032,India
Nuzvid,16.789,80.846,India
Shajapur,23.426,76.278,India
Puttur,12.76,75.202,India
Kasaragod,12.498,74.99,India
Ayodhya,26.799,82.205,India
Mubarakpur,26.089,83.291,India
Phaltan,17.991,74.432,India
Sandila,27.07,80.515,India
Baruipur,22.365,88.433,India
Lohardaga,23.433,84.68,India
Deolali,19.944,73.834,India
Shahabad,17.131,76.944,India
Bobbili,18.574,83.359,India
Chikhli,20.35,76.258,India
Konch,25.995,79.151,India
Lunglei,22.892,92.742,India
Pithapuram,17.117,82.253,India
Amalapuram,16.579,82.006,India
Tuni,17.359,82.546,India
Sihor,21.711,71.962,India
Diglur,18.548,77.577,India
Barbil,22.102,85.378,India
Biswan,27.496,80.996,India
Kosi,27.794,77.437,India
Ropar,30.969,76.527,India
Dandeli,15.267,74.617,India
Parvatipuram,18.784,83.426,India
Arcot,12.906,79.319,India
Jhalawar,24.596,76.165,India
Petlad,22.477,72.8,India
Umred,20.854,79.325,India
Bhatapara,21.735,81.947,India
Kaliyaganj,25.634,88.327,India
Nasirabad,26.305,74.734,India
Idappadi,11.586,77.839,India
Gohadi,26.433,78.442,India
Khagaul,25.579,85.046,India
Chiplun,17.533,73.509,India
Changanacheri,9.442,76.536,India
Ramnagar,29.392,79.128,India
Sillod,20.303,75.653,India
Macherla,16.476,79.435,India
Tundla,27.215,78.237,India
Mannarakkat,10.992,76.464,India
Ottappalam,10.774,76.378,India
Goalpara,26.177,90.626,India
Kankanhalli,12.547,77.42,India
Madhupur,24.274,86.639,India
Madhipura,25.921,86.793,India
Charkhi Dadri,28.592,76.272,India
Dumraon,25.553,84.151,India
Mahasamund,21.107,82.095,India
Gajraula,28.846,78.24,India
Abu Road,24.48,72.782,India
Nanjangud,12.118,76.684,India
Salur,18.517,83.205,India
Bhongir,17.515,78.886,India
Aonla,28.274,79.165,India
Khagaria,25.502,86.467,India
Dhampur,29.309,78.511,India
Sardhana,29.146,77.614,India
Didwana,27.401,74.575,India
Jalor,25.346,72.616,India
Rajgarh,28.642,75.386,India
Barh,25.483,85.709,India
Baduria,22.744,88.787,India
Shorapur,16.521,76.757,India
Jugsalai,22.777,86.184,India
Kizhake Chalakudi,10.301,76.338,India
Sidlaghatta,13.389,77.864,India
Dahanu,19.968,72.713,India
Rasipuram,11.46,78.186,India
Punganuru,13.367,78.572,India
Mandapeta,16.863,81.929,India
Poonamalle,13.049,80.115,India
Barpeta,26.323,91.006,India
Tamluk,22.301,87.926,India
Bhabhua,25.04,83.607,India
Kathua,32.369,75.525,India
Nangal,31.39,76.376,India
Nihtaur,29.324,78.387,India
Lachhmangarh Sikar,27.823,75.028,India
Tiruvallur,13.144,79.909,India
Sri Dungargarh,28.096,74.009,India
Raxaul,26.98,84.851,India
Siruguppa,15.63,76.892,India
Mandvi,22.833,69.352,India
Majalgaon,19.155,76.21,India
Warud,21.471,78.27,India
Wankaner,22.612,70.944,India
Churachandpur,24.334,93.67,India
Dumka,24.268,87.249,India
Talegaon Dabhade,18.735,73.676,India
Hunsur,12.304,76.293,India
Pithoragarh,29.583,80.209,India
Jangaon,17.726,79.152,India
Atrauli,28.03,78.286,India
Narsimhapur,22.949,79.184,India
Mulbagal,13.164,78.393,India
Mudhol,16.334,75.283,India
Gudalur,9.678,77.25,India
Barwani,22.032,74.9,India
Alangad,10.102,76.291,India
Punalur,9.02,76.923,India
Padrauna,26.904,83.981,India
Gumia,23.797,85.825,India
Bail-Hongal,15.814,74.859,India
Shujalpur,23.407,76.71,India
Jaisingpur,16.776,74.554,India
Chatra,24.206,84.871,India
Pachora,20.667,75.353,India
Patancheru,17.533,78.264,India
Panna,24.721,80.188,India
Phalodi,27.131,72.368,India
Yeola,20.042,74.489,India
Sheikhpura,25.14,85.841,India
Gulaothi,28.589,77.793,India
Seohara,29.209,78.588,India
Zahirabad,17.681,77.607,India
Karsiyang,26.883,88.277,India
Manglaur,29.791,77.878,India
Gangakher,18.97,76.749,India
Nohar,29.183,74.771,India
Ganj Dundwara,27.733,78.941,India
Nanpara,27.865,81.5,India
Atarra,25.286,80.572,India
Teghra,25.49,85.94,India
Bhaisa,19.113,77.963,India
Dondaicha,21.324,74.568,India
Vite,17.273,74.538,India
Peddapuram,17.077,82.138,India
Mahmudabad,27.292,81.118,India
Pakur,24.639,87.842,India
Cherthala,9.684,76.336,India
Nayudupet,13.907,79.895,India
Halol,22.503,73.472,India
Kharar,30.746,76.647,India
Bhadrachalam,17.668,80.889,India
Rampura,30.256,75.241,India
Mattanur,11.93,75.572,India
Shertallai,9.686,76.34,India
Sironj,24.103,77.691,India
Daund,18.465,74.584,India
Parlakimidi,18.781,84.088,India
Ashta,23.018,76.722,India
Nandikotkur,15.857,78.266,India
Khalilabad,26.773,83.072,India
Chittaranjan,23.857,86.903,India
Pathardih,23.666,86.432,India
Dungarpur,23.843,73.715,India
Mandla,22.599,80.371,India
Forbesganj,26.303,87.266,India
Harpanahalli,14.788,75.989,India
Itanagar,27.087,93.61,India
Gumla,23.043,84.544,India
Ozar,20.095,73.928,India
Bhimunipatnam,17.89,83.452,India
Tanda,28.976,78.942,India
Kapadvanj,23.023,73.071,India
Thoubal,24.639,93.996,India
Morar,26.226,78.225,India
Memari,23.176,88.097,India
Nellikkuppam,11.776,79.67,India
Angul,20.841,85.102,India
Medak,18.045,78.261,India
Kalpi,26.117,79.733,India
Hodal,27.892,77.367,India
Ramnagar,25.269,83.03,India
Arsikere,13.314,76.257,India
Nidadavole,16.906,81.672,India
Jhajjar,28.606,76.656,India
Varangaon,21.018,75.91,India
Jammalamadugu,14.847,78.383,India
Jasdan,22.037,71.208,India
Kendraparha,20.502,86.422,India
Gobardanga,22.877,88.755,India
Yellandu,17.591,80.321,India
Merta,26.649,74.034,India
Polavaram,17.248,81.644,India
Kanuru,16.286,81.255,India
Godda,24.827,87.213,India
Kotputli,27.702,76.199,India
Pandhurna,21.596,78.526,India
Ramnagar,27.164,84.323,India
Dig,27.472,77.326,India
Kandhla,29.321,77.271,India
Vikarabad,17.338,77.904,India
Varkala,8.733,76.717,India
Saint Thomas Mount,13.003,80.196,India
Sainthia,23.948,87.68,India
Tumsar,21.383,79.733,India
Peranampattu,12.934,78.719,India
Barhiya,25.288,86.021,India
Kalimpong,27.071,88.475,India
Ramachandrapuram,16.836,82.029,India
Repalle,16.018,80.83,India
Selu,19.455,76.441,India
Bhinmal,24.999,72.271,India
Bangarapet,12.991,78.178,India
Sivaganga,9.847,78.484,India
Tirupparangunram,9.882,78.073,India
Shoranur,10.762,76.271,India
Bikramganj,25.211,84.255,India
Sojat,25.925,73.666,India
Khurda,20.183,85.616,India
Jaspur,29.279,78.828,India
Than,22.574,71.199,India
Jintur,19.612,76.687,India
Khekra,28.866,77.284,India
Balapur,20.666,76.774,India
Dinhata,26.135,89.461,India
Naini Tal,29.397,79.447,India
Kyathampalle,19.668,78.529,India
Sikandra Rao,27.689,78.38,India
Palmaner,13.2,78.747,India
Jajpur,20.849,86.337,India
Canning,22.314,88.665,India
Khairabad,27.527,80.755,India
Kannad,20.257,75.138,India
Athni,16.726,75.064,India
Biaora,23.921,76.911,India
Katol,21.274,78.586,India
Arvi,20.996,78.229,India
Diamond Harbour,22.191,88.19,India
Baghpat,28.945,77.219,India
Bar Bigha,25.219,85.733,India
Limbdi,22.565,71.811,India
Bilara,26.181,73.706,India
Sundargarh,22.117,84.033,India
Manvi,15.991,77.05,India
Fatwa,25.51,85.305,India
Jambusar,22.052,72.801,India
Devakottai,9.947,78.823,India
Digras,20.104,77.718,India
Warora,20.229,79.003,India
Homnabad,17.771,77.125,India
Gadarwara,22.924,78.785,India
Chidawa,28.239,75.64,India
Champa,22.035,82.642,India
Naugachhia,25.388,87.099,India
Hoskote,13.071,77.798,India
Daudnagar,25.035,84.401,India
Sihora,23.487,80.104,India
Jaggayyapeta,16.894,80.098,India
Koraput,18.812,82.71,India
Dhupgari,26.589,89.007,India
Mehkar,20.151,76.568,India
Hilsa,25.316,85.282,India
Bharthana,26.752,79.222,India
Raisen,23.33,77.781,India
Jalarpet,12.57,78.573,India
Burla,21.51,83.873,India
Dahegam,23.169,72.822,India
Garhwa,24.16,83.808,India
Chakradharpur,22.676,85.629,India
Ambah,26.704,78.227,India
Kallakkurichchi,11.74,78.959,India
Ghatampur,26.153,80.168,India
Akividu,16.582,81.381,India
Kovvur,17.016,81.729,India
Solan,30.909,77.109,India
Murtajapur,20.733,77.367,India
Ahmadpur,18.706,76.937,India
Gursahaiganj,27.115,79.732,India
Periyakulam,10.123,77.544,India
Mapuca,15.592,73.809,India
Taki,22.589,88.933,India
Saundatti,15.766,75.118,India
Vaijapur,19.927,74.728,India
Ghatsila,22.585,86.477,India
Hasimara,26.747,89.354,India
Sathupalli,17.25,80.869,India
Puranpur,28.513,80.148,India
Haflong,25.165,93.017,India
Rameswaram,9.289,79.313,India
Bansi,27.177,82.934,India
Thiruthani,13.176,79.616,India
Mandideep,23.082,77.533,India
Thakurdwara,29.192,78.861,India
Farrukhnagar,17.078,78.203,India
Bhavani,11.446,77.682,India
Daman,20.414,72.832,India
Dhone,15.395,77.871,India
Nandura Buzurg,20.834,76.459,India
Murshidabad,24.184,88.272,India
Nadapuram,11.685,75.655,India
Parasia,22.191,78.759,India
Nathdwara,24.938,73.824,India
Shahabad,30.168,76.87,India
Giddarbaha,30.2,74.666,India
Akalkot,17.525,76.206,India
Aroor,9.869,76.305,India
Chinnamanur,9.84,77.381,India
Ghosi,26.106,83.539,India
Amudalavalasa,18.41,83.903,India
Pehowa,29.979,76.582,India
Nurpur,29.15,78.408,India
Aland,17.564,76.569,India
Narayanpet,16.748,77.495,India
Paravur Tekkumbhagam,8.795,76.668,India
Banka,24.881,86.923,India
Simdega,22.615,84.502,India
Kondapalle,16.62,80.542,India
Sangaria,29.799,74.467,India
Jha-Jha,24.771,86.379,India
Jalesar,27.473,78.303,India
Sirohi,24.888,72.848,India
Bhalki,18.043,77.206,India
Palia Kalan,28.432,80.581,India
Talcher,20.949,85.234,India
Chaklasi,22.653,72.945,India
Kunnamangalam,11.305,75.878,India
Rajgir,25.028,85.421,India
Kumhari,21.267,81.517,India
Pathanamthitta,9.267,76.783,India
Nandigama,16.772,80.286,India
Mahe,11.702,75.535,India
Vyara,21.111,73.394,India
Malavalli,12.386,77.06,India
Khambhaliya,22.207,69.65,India
Suluru,13.7,80.017,India
Bhawani Mandi,24.416,75.836,India
Chetwayi,10.529,76.048,India
Vetapalem,15.785,80.307,India
Shahbazpur,26.305,87.289,India
Mahbubabad,17.597,80.002,India
Maihar,24.266,80.761,India
Dibai,28.208,78.262,India
Robertsganj,24.689,83.068,India
Kekri,25.971,75.15,India
Tarikere,13.71,75.814,India
Maudaha,25.683,80.114,India
Porsa,26.674,78.371,India
Savanur,14.973,75.337,India
Pratapgarh,24.032,74.782,India
Bilasipara,26.233,90.234,India
Channarayapatna,12.906,76.388,India
Ellenabad,29.453,74.661,India
Pathri,19.259,76.434,India
Bhadra,29.103,75.171,India
Bantval,12.89,75.035,India
Kotamangalam,10.064,76.628,India
Bairagnia,26.741,85.273,India
Bangarmau,26.891,80.211,India
Paithan,19.475,75.386,India
Barauli,26.381,84.586,India
Sadashivpet,17.619,77.953,India
Vettur,8.717,76.726,India
Patti,31.281,74.858,India
Pujali,22.468,88.145,India
Garhmuktesar,28.787,78.102,India
Revelganj,25.79,84.636,India
Parola,20.881,75.119,India
Manapparai,10.608,78.426,India
Yanam,16.733,82.214,India
Rahuri,19.391,74.65,India
Rawatbhata,24.93,75.592,India
Hojai,26.003,92.856,India
Akbarpur,26.43,82.534,India
Pilibangan,29.45,74.101,India
Vuyyuru,16.363,80.844,India
Barwala,29.367,75.908,India
Anekal,12.711,77.696,India
Kampli,15.406,76.6,India
Phulbani,20.481,84.231,India
Attingal,8.696,76.815,India
Cheyyar,12.661,79.543,India
Padra,22.24,73.085,India
Chunar,25.128,82.882,India
Sanawad,22.174,76.07,India
Bayana,26.908,77.29,India
Kayalpattinam,8.571,78.12,India
Dhaka,26.675,85.167,India
Sadabad,27.438,78.038,India
Bindki,26.036,80.576,India
Dwarka,22.239,68.968,India
Sarangpur,23.567,76.473,India
Daryapur,20.925,77.326,India
Ramganj Mandi,24.646,75.943,India
Gariadhar,21.539,71.577,India
Kakrala,27.893,79.195,India
Arantangi,10.172,78.991,India
Samalkha,29.236,77.013,India
Kovur,14.501,79.985,India
Tuljapur,18.008,76.07,India
Morsi,21.34,78.013,India
Babina,25.239,78.47,India
Dongargarh,21.189,80.755,India
Ashta,16.949,74.409,India
Igatpuri,19.695,73.563,India
Radhanpur,23.832,71.605,India
Budhana,29.288,77.475,India
Lunavada,23.128,73.61,India
Betamcherla,15.451,78.148,India
Rajpipla,21.867,73.5,India
Barpeta Road,26.503,90.969,India
Sherghati,24.559,84.792,India
Umarkhed,19.601,77.689,India
Waris Aliganj,25.017,85.64,India
Kawardha,22.009,81.231,India
Pulgaon,20.722,78.321,India
Buddh Gaya,24.698,84.987,India
Lakshmeshwar,15.127,75.469,India
Atmakur,15.881,78.587,India
Seram,17.179,77.29,India
Niwai,26.361,75.918,India
Dubrajpur,23.79,87.376,India
Jalalabad,27.726,79.655,India
Sanand,22.992,72.382,India
Podaturpet,13.282,79.485,India
Chikodi,16.429,74.586,India
Shahabad,28.567,79.01,India
Tasgaon,17.037,74.602,India
Kodinar,20.794,70.702,India
Kichha,28.912,79.52,India
Purna,19.182,77.026,India
Jamadoba,23.717,86.4,India
Rajula,21.039,71.443,India
Shikarpur,28.281,78.014,India
Pipar,26.384,73.544,India
Sagauli,26.764,84.743,India
Kattivakkam,13.217,80.317,India
Karjat,18.911,73.324,India
Sankeshwar,16.256,74.482,India
Bakhtiyarpur,25.462,85.532,India
Agar,23.712,76.016,India
Nilanga,18.117,76.753,India
Satana,20.595,74.203,India
Patamundai,20.578,86.561,India
Angamali,10.191,76.388,India
Golaghat,26.512,93.96,India
Manipal,13.35,74.783,India
Tadepalle,16.483,80.6,India
Jaito,30.451,74.892,India
Gharaunda,29.537,76.971,India
Kodungallur,10.233,76.195,India
Ausa,18.247,76.499,India
Hamirpur,25.955,80.148,India
Jhabua,22.768,74.591,India
Nawabganj,28.541,79.635,India
Sinnar,19.845,73.999,India
Pen,18.737,73.096,India
Indi,17.177,75.953,India
Pappinissheri,11.957,75.34,India
Mokokchung,26.325,94.518,India
Sathyamangalam,11.505,77.238,India
Fatehpur,27.173,81.211,India
Guledagudda,16.05,75.79,India
Melur,10.032,78.339,India
Bhiwadi,28.21,76.861,India
Guskhara,23.493,87.735,India
Sindgi,16.919,76.234,India
Narsipatnam,17.667,82.612,India
Ichchapuram,19.114,84.687,India
Bahjoi,28.395,78.627,India
Tuensang,26.267,94.824,India
Dharangaon,21.012,75.274,India
Pulivendla,14.421,78.225,India
Peddapalli,18.614,79.374,India
Madikeri,12.426,75.738,India
Kopaganj,26.019,83.566,India
Kaman,27.658,77.269,India
Thana Bhawan,29.586,77.418,India
Uravakonda,14.943,77.255,India
Begamganj,23.599,78.341,India
Darsi,15.77,79.679,India
Erattupetta,9.687,76.779,India
Nargund,15.723,75.387,India
Zaidpur,26.831,81.329,India
Amli,20.283,73.017,India
Sohna,28.247,77.065,India
Anupgarh,29.191,73.209,India
Jogbani,26.399,87.265,India
Kunigal,13.023,77.025,India
Shahpura,27.391,75.96,India
Shikarpur,14.27,75.356,India
Kosamba,21.462,72.958,India
Muhammadabad,25.619,83.756,India
Lakhyabad,23.667,86.667,India
Jhalrapatan,24.542,76.172,India
Sirkazhi,11.237,79.736,India
Chaksu,26.605,75.948,India
Porur,13.036,80.158,India
Bhadasar,28.315,74.29,India
Wai,17.953,73.891,India
Jagatsinghapur,20.256,86.171,India
Bagasra,21.487,70.955,India
Kadur,13.553,76.012,India
Dharmanagar,24.367,92.167,India
Lahar,26.194,78.941,India
Yaval,21.168,75.698,India
Kaimganj,27.554,79.335,India
Janjgir,22.009,82.578,India
Egra,21.899,87.538,India
Bihariganj,25.734,86.988,India
Umreth,22.699,73.116,India
Mushabani,22.511,86.457,India
Venkatagiri,13.96,79.58,India
Mahalingpur,16.389,75.109,India
Neem ka Thana,27.74,75.787,India
Nepanagar,21.454,76.393,India
Nautanwa,27.428,83.418,India
Vallabh Vidyanagar,22.533,72.9,India
Chanderi,24.713,78.138,India
Manuguru,17.93,80.827,India
Mahemdavad,22.824,72.756,India
Almora,29.597,79.659,India
Nakodar,31.126,75.475,India
Karamsad,22.542,72.904,India
Manali,13.167,80.267,India
Dharmabad,18.891,77.849,India
Vedaraniyam,10.372,79.851,India
Jayamkondacholapuram,11.213,79.364,India
Kalka,30.84,76.941,India
Umarga,17.838,76.623,India
Pinjaur,30.799,76.918,India
Bisauli,28.308,78.937,India
Turaiyur,11.15,78.599,India
Pavugada,14.1,77.28,India
Ambasamudram,8.711,77.452,India
Zamania,25.42,83.558,India
Malkapur,17.262,74.176,India
Shirdi,19.766,74.477,India
Bandipura,34.417,74.643,India
Kokrajhar,26.401,90.273,India
Palladam,10.992,77.286,India
Muddebihal,16.338,76.132,India
Lalganj,25.869,85.174,India
Rasra,25.858,83.855,India
Islampur,25.141,85.206,India
Ghugus,19.938,79.112,India
Sattur,9.356,77.925,India
Basudebpur,21.12,86.729,India
Khachrod,23.423,75.282,India
Kotma,23.204,81.979,India
Bhatkal,13.985,74.555,India
Khurai,24.044,78.33,India
Chittur,10.7,76.747,India
Vadigenhalli,13.297,77.802,India
Sijua,23.776,86.33,India
Vandavasi,12.504,79.606,India
Lalsot,26.56,76.329,India
Shahpur,16.696,76.842,India
Chemmumiahpet,14.463,78.812,India
Bahadurganj,26.262,87.824,India
Gomoh,23.874,86.152,India
Jalalpur,26.312,82.739,India
Khunti,23.076,85.278,India
Kangayam,11.006,77.561,India
Zira,30.969,74.991,India
Jhanjharpur,26.265,86.28,India
Sangola,17.439,75.194,India
Singanallur,10.999,77.032,India
Karamadai,11.241,76.96,India
Ramapuram,13.101,79.184,India
Nawanshahr,31.125,76.116,India
Mankachar,25.533,89.864,India
Razampeta,14.195,79.159,India
Sabalgarh,26.249,77.408,India
Hailakandi,24.684,92.561,India
Jagdishpur,26.75,80.545,India
Jagdispur,25.468,84.419,India
Sirur,18.828,74.375,India
Rawatsar,29.267,74.403,India
Shamsabad,27.017,78.124,India
Partur,19.599,76.215,India
Puttur,13.442,79.553,India
Guduvancheri,12.845,80.061,India
Erandol,20.922,75.326,India
Pasan,22.844,82.198,India
Rudarpur,26.445,83.613,India
Safidon,29.406,76.67,India
Hatta,24.134,79.601,India
Elur,10.067,76.283,India
Basavana Bagevadi,16.573,75.973,India
Perambalur,11.233,78.883,India
Gangtok,27.326,88.612,India
Malur,13.003,77.938,India
Usilampatti,9.969,77.786,India
Un,23.887,71.77,India
Mudbidri,13.067,74.995,India
Rajakhera,26.898,78.171,India
Manwat,19.301,76.497,India
Wadi,17.052,76.99,India
Anta,25.15,76.3,India
Maharaganj,27.145,83.562,India
Tarakeswar,22.886,88.014,India
Keelakarai,9.232,78.785,India
Kakching,24.498,93.981,India
Gevrai,19.264,75.75,India
Pihani,27.62,80.203,India
Perungudi,12.961,80.241,India
Sarkhej,22.983,72.502,India
Remuna,21.528,86.872,India
Sri Madhopur,27.466,75.597,India
Walajapet,12.925,79.366,India
Pedana,16.256,81.144,India
Ferokh,11.18,75.841,India
Salaya,22.31,69.604,India
Musiri,10.953,78.444,India
Khair,27.942,77.842,India
Chitapur,17.124,77.082,India
Risod,19.977,76.788,India
Dhandhuka,22.382,71.987,India
Fatehpur Sikri,27.094,77.66,India
Birpara,26.704,89.145,India
Yanamalakuduru,16.485,80.667,India
Cherpulassery,10.877,76.309,India
Amla,21.925,78.128,India
Narsinghgarh,23.708,77.093,India
Talaja,21.353,72.035,India
Dharmadam,11.775,75.465,India
Bhongaon,27.255,79.181,India
Tiruchchendur,8.497,78.119,India
Sasvad,18.344,74.031,India
Ambad,19.613,75.789,India
Ramgarh,27.251,75.179,India
Jalalabad,30.606,74.257,India
Soro,21.279,86.688,India
Lingsugur,16.159,76.522,India
Gajendragarh,15.736,75.97,India
Madurantakam,12.512,79.885,India
Umaria,23.525,80.837,India
Devarkonda,16.692,78.921,India
Dhamnod,22.209,75.471,India
Bilari,28.621,78.804,India
Muvattupula,9.985,76.577,India
Adur,9.156,76.732,India
Saoner,21.385,78.922,India
Miranpur Katra,28.03,79.668,India
Raisinghnagar,29.536,73.449,India
Kalpatta,11.609,76.083,India
Arangaon,19.027,74.715,India
Kalavoor,9.57,76.328,India
Mansa,23.426,72.657,India
Zunheboto,25.967,94.517,India
Mainaguri,26.563,88.82,India
Nagar Karnul,16.482,78.325,India
Khedbrahma,24.03,73.046,India
Taranagar,28.669,75.032,India
Palkonda,18.604,83.756,India
Dhari,21.329,71.026,India
Jewar,28.122,77.557,India
Kalyandurg,14.545,77.106,India
Dighwara,25.744,85.01,India
Shahpura,25.621,74.925,India
Muvattupuzha,9.98,76.574,India
Bachhraon,28.927,78.235,India
Irinjalakuda,10.342,76.211,India
Mangrul Pir,20.314,77.342,India
Islamnagar,28.329,78.725,India
Madukkarai,10.906,76.963,India
Ariyalur,11.138,79.076,India
Ponmana,9.008,76.52,India
Manavadar,21.498,70.138,India
Sirsaganj,27.057,78.687,India
Sanchor,24.754,71.773,India
Sandur,15.086,76.547,India
Chodavaram,17.829,82.935,India
Surandai,8.976,77.419,India
Banda,24.045,78.961,India
Piro,25.332,84.405,India
Suar,29.028,79.057,India
Manoharpur,27.298,75.95,India
Rajura,19.779,79.365,India
Kotagiri,11.421,76.86,India
Rusera,25.754,86.026,India
Azhiyur,11.693,75.56,India
Nelamangala,13.1,77.394,India
Soron,27.891,78.746,India
Mukher,18.706,77.368,India
Sholinghur,13.118,79.42,India
Duliajan,27.36,95.318,India
Gadhada,21.97,71.578,India
Malpura,26.284,75.365,India
Alangulam,8.864,77.499,India
Addanki,15.811,79.973,India
Milak,28.61,79.17,India
Coondapoor,13.631,74.69,India
Lakheri,25.672,76.177,India
Lalgola,24.422,88.252,India
Utraula,27.319,82.419,India
Titlagarh,20.29,83.152,India
Tirukkoyilur,11.966,79.203,India
Sonamukhi,23.305,87.413,India
Seoni Malwa,22.45,77.466,India
Badami,15.915,75.677,India
Mavoor,11.267,75.917,India
Mavelikara,9.259,76.556,India
Maur,30.083,75.25,India
Hole Narsipur,12.786,76.243,India
Dhanaura,28.959,78.256,India
Piravam,9.867,76.5,India
Mandi,31.712,76.933,India
Shrigonda,18.615,74.699,India
Pandua,23.075,88.286,India
Punch,33.77,74.093,India
Pilani,28.367,75.604,India
Giddalur,15.374,78.926,India
Maddur,12.583,77.043,India
Madhugiri,13.66,77.212,India
Garhakota,23.779,79.143,India
Koynanagar,17.4,73.767,India
Kumta,14.429,74.419,India
Losal,27.4,74.917,India
Hisua,24.834,85.417,India
Dasna,28.677,77.523,India
Adirampattinam,10.341,79.379,India
Talikota,16.473,76.311,India
Maner,25.646,84.873,India
Birmitrapur,22.4,84.767,India
Erraguntla,14.639,78.54,India
Bamor Kalan,24.893,78.151,India
Kalakkadu,8.514,77.549,India
Razam,18.449,83.66,India
Kareli,22.915,79.064,India
Jalgaon Jamod,21.052,76.535,India
Rajaori,33.375,74.309,India
Jaswantnagar,26.883,78.903,India
Afzalgarh,29.394,78.674,India
Byadgi,14.673,75.487,India
Rehli,23.637,79.063,India
Mungeli,22.066,81.685,India
Manawar,22.236,75.089,India
Kondagaon,19.591,81.664,India
Tehri,30.391,78.48,India
Umarkot,19.665,82.206,India
Nahan,30.56,77.294,India
Sankrail,22.55,88.225,India
Manamadurai,9.673,78.471,India
Kharagpur,25.124,86.556,India
Beldanga,23.934,88.26,India
Rahatgarh,23.79,78.395,India
Pardi,20.509,72.946,India
Miranpur,29.29,77.949,India
Silvassa,20.274,72.997,India
Kalanwali,29.836,74.972,India
Chakapara,22.632,88.349,India
Kalamb,19.044,73.956,India
Hirakud,21.525,83.873,India
Magadi,12.957,77.224,India
Gundlupet,11.81,76.69,India
Kundarkhi,28.683,78.786,India
Bilgram,27.175,80.032,India
Bidhuna,26.802,79.508,India
Perumpavur,10.115,76.476,India
Berasia,23.631,77.434,India
Gobindpur,22.634,86.072,India
Kotdwara,29.746,78.522,India
Bhawanipur,26.454,87.027,India
Rajgarh,27.237,76.622,India
Kasba,25.856,87.538,India
Naharlagun,27.105,93.695,India
Samba,32.562,75.12,India
Vepagunta,17.778,83.216,India
Kulittalai,10.935,78.413,India
Banmankhi,25.889,87.194,India
Sheoganj,25.139,73.068,India
Indapur,18.3,73.25,India
Kemri,28.807,79.205,India
Sausar,21.656,78.797,India
Kartarpur,31.443,75.498,India
Karhal,27.001,78.939,India
Lar,26.204,83.969,India
Deulgaon Raja,20.018,76.038,India
Mahad,18.083,73.417,India
Aliganj,27.494,79.171,India
Raver,21.248,76.035,India
Panagar,23.285,79.995,India
Hangal,14.765,75.125,India
Perumbavoor,10.107,76.474,India
Ratia,29.69,75.577,India
Pauri,30.153,78.777,India
Shahganj,26.05,82.684,India
Dhrol,22.567,70.418,India
Pallippatti,11.94,78.402,India
Gulabpura,25.904,74.66,India
Hadgaon,19.496,77.659,India
Gadhinglaj,16.223,74.35,India
Rajpur,22.304,74.356,India
Terdal,16.494,75.047,India
Rangia,26.449,91.614,India
Jora,26.342,77.809,India
Kheri,27.904,80.798,India
Bilsi,28.129,78.911,India
Taloda,21.561,74.212,India
Polur,12.512,79.124,India
Kalavad,22.208,70.383,India
Rampur,29.806,77.453,India
Rafiganj,24.818,84.634,India
Karera,25.458,78.136,India
Halvad,23.015,71.18,India
Husainabad,24.528,84.0,India
Kukshi,22.207,74.758,India
Sulur,11.024,77.126,India
Elamanchili,17.549,82.857,India
Rajgarh,24.008,76.733,India
Marhaura,25.973,84.868,India
Shiggaon,14.991,75.225,India
Raikot,30.65,75.6,India
Ranavav,21.687,69.745,India
Junnar,19.208,73.875,India
Kanker,20.272,81.492,India
Kinwat,19.626,78.199,India
Nagari,13.321,79.586,India
Kalol,22.608,73.463,India
Jaynagar Majilpur,22.175,88.42,India
Chipurupalle,18.311,83.568,India
Renigunta,13.651,79.513,India
Nalhati,24.297,87.829,India
Gokarna,14.55,74.317,India
Koregaon,18.646,74.059,India
Kandla,23.033,70.217,India
Behror,27.888,76.281,India
Avanigadda,16.021,80.918,India
Srinivaspur,13.339,78.212,India
Nongstoin,25.517,91.265,India
Mussoorie,30.455,78.071,India
Annigeri,15.425,75.433,India
Mahendragarh,28.269,76.153,India
Jais,26.265,81.549,India
Pawayan,28.066,80.103,India
Chhabra,24.665,76.844,India
Khajuraho Group of Monuments,24.848,79.934,India
Sadri,25.186,73.453,India
Jandiala,31.159,75.618,India
Uran,18.878,72.939,India
Pasighat,28.066,95.327,India
Mauganj,24.667,81.873,India
Tekkalakote,15.534,76.877,India
Kallidaikurichi,8.686,77.466,India
Colonelganj,27.134,81.699,India
Mehndawal,26.976,83.11,India
Koelwar,25.581,84.798,India
Kagal,16.577,74.315,India
Bannur,12.333,76.862,India
Kuttampuzha,10.15,76.735,India
Budhlada,29.928,75.562,India
Nileshwar,12.26,75.135,India
Karkala,13.214,74.992,India
Kadakkavoor,8.679,76.767,India
Sundarnagar,31.535,76.905,India
Banganapalle,15.318,78.227,India
Asandh,29.521,76.606,India
Hadagalli,15.02,75.932,India
Anupshahr,28.357,78.269,India
Jalalabad,29.619,77.439,India
Lumding Railway Colony,25.749,93.17,India
Songadh,21.17,73.564,India
Shamsabad,27.537,79.438,India
Kithor,28.867,77.939,India
Machhlishahr,25.686,82.411,India
Baloda Bazar,21.657,82.161,India
Devanhalli,13.247,77.712,India
Gursarai,25.617,79.181,India
Ringas,27.364,75.568,India
Arumuganeri,8.569,78.091,India
Vayalar,9.712,76.339,India
Ahraura,25.016,83.033,India
Rampachodavaram,17.441,81.776,India
Malakanagiri,18.364,81.888,India
Kanigiri,15.406,79.507,India
Chengannur,9.316,76.615,India
Chandauli,25.258,83.268,India
Dakor,22.753,73.15,India
Paramathi Velur,11.192,77.956,India
Sandi,27.289,79.952,India
Padam,33.467,76.885,India
Kolasib,24.224,92.679,India
Marayur,10.276,77.162,India
Shiraguppi,16.619,74.709,India
Abu,24.594,72.718,India
Sheohar,26.514,85.293,India
Kunda,25.717,81.514,India
Deori Khas,23.39,79.016,India
Sakleshpur,12.941,75.785,India
Bemetara,21.716,81.534,India
Bawana,28.798,77.034,India
Periyanayakkanpalaiyam,11.153,76.952,India
Kanth,29.059,78.63,India
Charkhari,25.403,79.749,India
Mangaldai,26.442,92.03,India
Vadnagar,23.786,72.639,India
Safipur,26.738,80.344,India
Kabrai,25.403,80.0,India
Kheda,22.752,72.685,India
Ponneri,13.339,80.195,India
Talwara,31.938,75.887,India
Vadakku Valliyur,8.383,77.612,India
Tharad,24.396,71.626,India
Gauripur,26.083,89.961,India
Hosdurga,13.796,76.284,India
Tekkali,18.606,84.235,India
Pakala,13.449,79.115,India
Minjur,13.28,80.258,India
Naduvannur,11.488,75.775,India
Andol,17.815,78.077,India
Bijbehara,33.794,75.107,India
Gorantla,13.984,77.772,India
Dataganj,28.025,79.408,India
Kailaras,26.305,77.616,India
Chharra,27.925,78.401,India
Faizpur,21.168,75.86,India
Chhota Udepur,22.304,74.016,India
Singapur,17.47,78.126,India
Sahaspur,29.121,78.623,India
Andippatti,9.998,77.621,India
Kant,27.81,79.792,India
Margherita,27.285,95.668,India
Jamtara,23.963,86.803,India
Avinashi,11.193,77.269,India
Iringal,11.559,75.617,India
Uttiramerur,12.614,79.757,India
Vijapur,23.562,72.748,India
Chiknayakanhalli,13.416,76.621,India
Krishnarajpet,12.666,76.488,India
Anjad,22.042,75.055,India
Aron,24.381,77.417,India
Narasannapeta,18.414,84.045,India
Sitarganj,28.929,79.704,India
Nandgaon,20.307,74.655,India
Kushtagi,15.756,76.191,India
Sikandarpur,26.043,84.053,India
Muhammadabad,26.034,83.381,India
Kumbalam,9.906,76.311,India
Srisailain,16.072,78.868,India
Barki Saria,24.176,85.889,India
Ayakudi,10.45,77.552,India
Gangapur,19.697,75.01,India
Aluva,10.108,76.352,India
Rajaldesar,28.028,74.474,India
Hastinapur,29.16,78.008,India
Pathardi,19.173,75.174,India
Colgong,25.263,87.233,India
Chettipalaiyam,10.912,77.037,India
Manasa,24.478,75.141,India
Bhachau,23.299,70.343,India
Bagepalli,13.783,77.797,India
Kotturu,14.824,76.22,India
Mul,20.07,79.678,India
Shrirangapattana,12.423,76.684,India
Chengam,12.309,78.791,India
Bazpur,29.153,79.108,India
Mangrol,25.331,76.51,India
Sohagpur,22.701,78.195,India
Murliganj,25.897,86.996,India
Reoti,25.851,84.378,India
Fatehganj West,28.466,79.307,India
Waraseoni,21.762,80.043,India
Taramangalam,11.694,77.97,India
Diu,20.714,70.982,India
Manihari,25.339,87.62,India
Lalganj,25.932,81.705,India
Alwaye,10.106,76.355,India
Kharakvasla,18.44,73.775,India
Dhanera,24.51,72.023,India
Penugonda,16.654,81.746,India
Mariani,26.657,94.315,India
Ladwa,29.994,77.046,India
Nagar,27.424,77.099,India
Doraha,30.8,76.024,India
Morinda,30.79,76.499,India
Panchla,22.537,88.138,India
Nadbai,27.223,77.196,India
Jhinjhak,26.561,79.734,India
Malpe,13.35,74.704,India
Birur,13.597,75.972,India
Mandal,25.441,74.57,India
Shishgarh,28.729,79.315,India
Keshorai Patan,25.293,75.939,India
Pawni,20.792,79.636,India
Chhatapur,26.22,87.005,India
Basni,27.172,73.645,India
Khategaon,22.596,76.913,India
Ramtek,21.396,79.327,India
Savantvadi,15.904,73.822,India
Monoharpur,22.108,88.079,India
Bagha Purana,30.688,75.098,India
Injambakkam,12.916,80.249,India
Dinanagar,32.137,75.473,India
Soygaon,20.596,75.618,India
Nasriganj,25.051,84.328,India
Jaleshwar,21.802,87.222,India
Bewar,27.219,79.298,India
Koothanallur,10.72,79.516,India
Pindwara,24.797,73.055,India
Navalgund,15.559,75.353,India
Khandela,27.605,75.502,India
Chakan,18.761,73.864,India
Alot,23.763,75.557,India
Dharuhera,28.206,76.797,India
Kurduvadi,18.093,75.416,India
Chandur,19.734,79.172,India
Lalganj,25.799,82.998,India
Colachel,8.179,77.258,India
Nakur,29.92,77.304,India
Shamgarh,24.188,75.639,India
Kuchaiburi,22.267,86.174,India
Darwha,20.31,77.773,India
Pipri,19.794,75.535,India
Muluppilagadu,11.798,75.451,India
Kurinjippadi,11.55,79.591,India
Kudligi,14.905,76.385,India
Vemalwada,18.465,78.869,India
Saidpur,25.537,83.224,India
Phulpur,25.549,82.09,India
Kutiatodu,9.8,76.333,India
Balarampur,23.097,86.223,India
Sambhar,26.908,75.191,India
Karmala,18.408,75.194,India
Vaikam,9.749,76.396,India
Raghunathpur,23.539,86.674,India
Amarpur,25.04,86.902,India
Hinjilikatu,19.482,84.745,India
Uttamapalaiyam,9.807,77.327,India
Tarana,23.334,76.043,India
Pariyapuram,11.017,75.867,India
Mukerian,31.954,75.617,India
Lathi,21.723,71.388,India
Rania,29.525,74.837,India
Kalamnuri,19.674,77.311,India
Itimadpur,27.235,78.198,India
Banswada,18.377,77.88,India
Saiha,22.492,92.981,India
Cumbum,15.582,79.111,India
Matabhanga,26.342,89.216,India
Vattalkundu,10.161,77.759,India
Mahwah,27.046,76.932,India
Bissau,28.247,75.077,India
Todaraisingh,26.024,75.482,India
Jashpurnagar,22.888,84.139,India
Ron,15.699,75.734,India
Baddi,30.958,76.791,India
Phillaur,31.019,75.791,India
Jamai,22.196,78.592,India
Phulera,26.874,75.242,India
Pukhrayan,26.224,79.837,India
Sirsi,28.639,78.643,India
Todabhim,26.917,76.817,India
Tiruppuvanam,9.826,78.258,India
Baswa,27.15,76.583,India
Curchorem,15.263,74.109,India
Tulsipur,27.534,82.417,India
Bhander,25.736,78.746,India
Vadippatti,10.085,77.961,India
Naraura,28.201,78.387,India
Maharajgani,26.11,84.504,India
Nainpur,22.43,80.106,India
Ramanayyapeta,16.945,82.239,India
Silapathar,27.594,94.724,India
Balod,20.731,81.206,India
Gunupur,19.08,83.809,India
Mariahu,25.604,82.604,India
Purwa,26.458,80.774,India
Sahawar,27.796,78.834,India
Sidhauli,27.282,80.835,India
Adra,23.497,86.684,India
Mayang Imphal,24.61,93.889,India
Muhammadabad,27.309,79.433,India
Someshwar,13.491,75.066,India
Sadalgi,16.559,74.532,India
Tinnanur,13.114,80.027,India
Kailashahar,24.332,92.004,India
Beohari,24.024,81.378,India
Namagiripettai,11.455,78.268,India
Ghoti Budrukh,19.716,73.628,India
Siwana,25.652,72.422,India
Multai,21.775,78.258,India
Bhinga,27.703,81.934,India
Fatehabad,27.026,78.303,India
Kumher,27.317,77.371,India
Nattam,10.228,78.23,India
Laungowal,30.194,75.681,India
Chandrakona,22.733,87.517,India
Farakka,24.817,87.9,India
Tijara,27.934,76.855,India
Silao,25.084,85.428,India
Mundargi,15.207,75.884,India
Kuchera,26.987,73.971,India
Paonta Sahib,30.437,77.625,India
Lonar,19.985,76.52,India
Dattapur,20.781,78.141,India
Napasar,27.961,73.559,India
Patur,20.461,76.937,India
Nagod,24.569,80.588,India
Dum Duma,27.569,95.557,India
Nilakottai,10.165,77.85,India
Peravurani,10.29,79.202,India
Haliyal,15.329,74.756,India
Dalsingh Sarai,25.668,85.836,India
Karanpur,29.84,73.455,India
Samthar,25.843,78.907,India
Banat,29.464,77.355,India
Mandalgarh,25.194,75.072,India
Muttupet,10.395,79.494,India
Sakti,22.027,82.961,India
Belur,13.166,75.865,India
Gingee,12.253,79.417,India
Rapar,23.573,70.647,India
Chamba,32.555,76.126,India
Maheshwar,22.176,75.587,India
Kasrawad,22.127,75.611,India
Bansdih,25.884,84.218,India
Guruvayur,10.594,76.041,India
Mhasvad,17.634,74.788,India
Jaitaran,26.204,73.937,India
Ratanpur,22.287,82.168,India
Kurandvad,16.683,74.589,India
Alandi,18.678,73.899,India
Mandawar,29.487,78.127,India
Pallikonda,12.905,78.943,India
Akaltara,22.025,82.426,India
Bedi,22.501,70.044,India
Seondha,26.154,78.781,India
Kharkhauda,28.879,76.911,India
Deoli,25.757,75.38,India
Pali,23.365,81.044,India
Dhekiajuli,26.704,92.478,India
Chhata,27.724,77.508,India
Asifabad,19.359,79.284,India
Dharampur,20.537,73.174,India
Telhara,21.027,76.839,India
Asika,19.611,84.66,India
Deogarh,21.538,84.733,India
Chatrapur,19.356,84.984,India
Basi,26.831,76.049,India
Dhulagari,22.582,88.171,India
Okha,22.468,69.07,India
Kiraoli,27.138,77.785,India
Kantabanji,20.467,82.92,India
Qadian,31.822,75.377,India
Pokaran,26.92,71.916,India
Mudgal,16.012,76.442,India
Abrama,20.859,72.906,India
Bagula,23.337,88.641,India
Gunnaur,28.24,78.44,India
Sarauli,28.494,79.092,India
Lalgudi,10.874,78.819,India
Nabinagar,24.607,84.126,India
Tharangambadi,11.028,79.854,India
Begun,24.983,75.0,India
Dhing,26.468,92.473,India
Hukeri,16.231,74.602,India
Bhanvad,21.931,69.781,India
Morigaon,26.249,92.348,India
Clement Town,30.264,78.009,India
Ghatanji,20.142,78.313,India
Mudkhed,19.157,77.503,India
Sivagiri,9.345,77.429,India
Latehar,23.744,84.5,India
Kaikalur,16.552,81.214,India
Kheralu,23.885,72.619,India
Alibag,18.648,72.876,India
Alipur,28.799,77.133,India
Dasuya,31.817,75.653,India
Digboi,27.393,95.618,India
Kil Bhuvanagiri,11.442,79.648,India
Bhanjanagar,19.927,84.582,India
Kuzhithurai,8.318,77.192,India
Dhariwal,31.956,75.324,India
Polasara,19.694,84.814,India
Kishtwar,33.313,75.767,India
Kanniyakumari,8.09,77.538,India
Achhnera,27.178,77.757,India
Chillupar,26.282,83.506,India
Jainagar,26.59,86.138,India
Bhuban,20.882,85.833,India
Maniar,25.985,84.172,India
Chincholi,17.465,77.419,India
Machhiwara,30.916,76.2,India
Anthiyur,11.575,77.59,India
Nimaj,26.15,74.001,India
Tufanganj,26.317,89.665,India
Harur,12.053,78.48,India
Dugda,23.745,86.172,India
Tisaiyanvilai,8.337,77.868,India
Channagiri,14.024,75.926,India
Jhalu,29.336,78.226,India
Jahazpur,25.62,75.276,India
Akkarampalle,13.65,79.42,India
Byndoor,13.867,74.633,India
Pallappatti,10.721,77.88,India
Wellington,11.366,76.784,India
Serchhip,23.293,92.847,India
Penukonda,14.083,77.595,India
Padmanabhapuram,8.245,77.326,India
Barpali,21.19,83.587,India
Firozpur Jhirka,27.789,76.945,India
Morwa,22.905,73.839,India
Mairwa,26.232,84.163,India
Jevargi,17.014,76.773,India
Kaimori,23.385,79.744,India
Mau Aimma,25.695,81.923,India
Falakata,26.52,89.204,India
Katghora,22.502,82.543,India
Chinna Salem,11.634,78.874,India
Dhaurahra,27.998,81.09,India
Khairagarh,26.943,77.819,India
Afzalpur,17.2,76.36,India
Maksi,23.26,76.146,India
Narayangarh,30.478,77.128,India
Mungaoli,24.408,78.096,India
Pulwama,33.874,74.9,India
Sirumugai,11.321,77.005,India
Khowai,24.08,91.6,India
Govardhan,27.497,77.463,India
Nawa,27.02,75.002,India
Raya,27.556,77.79,India
Powai,19.116,72.905,India
Annur,11.236,77.105,India
Dasnapur,19.654,78.512,India
Charthawal,29.547,77.594,India
Siswa Bazar,27.147,83.758,India
Savda,21.151,75.889,India
Ranikhet,29.641,79.432,India
Kuppam,12.749,78.342,India
Suket,24.646,76.042,India
Sangod,24.927,76.286,India
Kulu,31.958,77.108,India
Deoranian,28.63,79.476,India
Kattanam,9.176,76.563,India
Marakkanam,12.192,79.942,India
Surajgarh,28.31,75.733,India
Jhinjhana,29.521,77.225,India
Rajmahal,25.053,87.83,India
Devgadh Bariya,22.705,73.909,India
Ajnala,31.845,74.763,India
Vadakku Viravanallur,8.698,77.519,India
Aklera,24.413,76.567,India
Sonari,27.025,95.016,India
Kapren,25.405,76.074,India
Palakkodu,12.307,78.07,India
Chandor,20.331,74.245,India
Patnagarh,20.708,83.133,India
Lawar Khas,29.111,77.778,India
Sriramnagar,17.267,78.255,India
Dharamsala,32.22,76.32,India
Pinahat,26.885,78.376,India
Bijawar,24.624,79.49,India
Jansath,29.325,77.85,India
Bundu,23.161,85.59,India
Richha,28.695,79.523,India
Bhayavadar,21.855,70.248,India
Aistala,23.18,88.58,India
Gannavaram,16.541,80.802,India
Sikka,22.432,69.842,India
Sojitra,22.539,72.72,India
Singur,22.809,88.229,India
Rajpur,21.94,75.136,India
Belsand,26.444,85.401,India
Kuju,23.725,85.51,India
Kalmeshwar,21.232,78.92,India
Maham,28.969,76.295,India
Bhawanigarh,30.267,76.039,India
Wazirganj,28.211,79.057,India
Shahpur,21.237,76.226,India
Kakdwip,21.879,88.191,India
Denkanikota,12.53,77.789,India
Yellapur,14.964,74.709,India
Maholi,27.664,80.474,India
Bilhaur,26.843,80.064,India
Taoru,28.212,76.95,India
Chapar,26.273,90.446,India
Mau,26.266,78.671,India
Dhanaula,30.282,75.573,India
Hamirpur,31.684,76.525,India
Kudachi,16.628,74.854,India
Laksar,29.759,78.041,India
Dindori,22.941,81.08,India
Bali,25.197,73.291,India
Ghatkesar,17.451,78.684,India
Banga,31.189,75.995,India
Chhaprauli,29.21,77.175,India
Kodarma,24.468,85.594,India
Konnur,16.201,74.749,India
Irugur,11.018,77.063,India
Balachor,31.061,76.302,India
Chandur,20.814,77.98,India
Surianwan,25.464,82.419,India
Tekari,24.943,84.843,India
Dharur,18.82,76.109,India
Kirandul,18.636,81.258,India
French Rocks,12.501,76.674,India
Amlagora,22.846,87.336,India
Hungund,16.062,76.059,India
Vasudevanallur,9.242,77.412,India
Udangudi,8.429,78.03,India
Anshing,20.041,77.315,India
Bhasawar,27.039,77.048,India
Babra,21.846,71.305,India
Parichhatgarh,28.978,77.934,India
Bhor,18.149,73.843,India
Kulpahar,25.32,79.639,India
Birpur,26.508,87.012,India
Harij,23.694,71.907,India
Velur,11.108,78.001,India
Sulya,12.561,75.387,India
Baud,20.838,84.326,India
Mulgund,15.281,75.521,India
Ponda,15.403,74.015,India
Shahpur,29.35,77.552,India
Marahra,27.737,78.569,India
Chicholi,21.469,79.702,India
Malvan,16.06,73.463,India
Pahasu,28.172,78.064,India
Rajgurunagar,18.867,73.9,India
Akbarpur,26.384,79.949,India
Mallasamudram,11.493,78.031,India
Ranipur,25.25,79.062,India
Badnawar,23.022,75.233,India
Chandur Bazar,21.239,77.747,India
Sonepur,20.833,83.917,India
Mon,26.736,95.058,India
Amod,21.993,72.87,India
Rangapara,26.838,92.669,India
Basi,30.588,76.845,India
Nanauta,29.712,77.417,India
Chhapar,27.819,74.439,India
Haldaur,29.29,78.284,India
Srirampur,22.948,88.02,India
Mandvi,21.255,73.304,India
Valabhipur,21.889,71.879,India
Samrala,30.836,76.193,India
Kharupatia,26.518,92.147,India
Basi,30.689,76.401,India
Naravarikuppam,13.191,80.185,India
Phalauda,29.188,77.83,India
Bhum,18.459,75.659,India
Khirkiyan,22.167,76.861,India
Rampura,24.467,75.44,India
Padampur,29.709,73.625,India
Namrup,27.194,95.319,India
Along,28.17,94.801,India
Sanaur,30.302,76.458,India
Saraipali,21.315,83.006,India
Honavar,14.281,74.445,India
Visavadar,21.34,70.75,India
Patharia,23.899,79.194,India
Fort Gloster,22.504,88.183,India
Thasra,22.798,73.212,India
Kakori,26.868,80.786,India
Chetput,13.07,80.241,India
Ramjibanpur,22.828,87.609,India
Daboh,26.002,78.877,India
Wer,27.019,77.176,India
Nasrullahganj,22.684,77.271,India
Kharsia,21.99,83.105,India
Pataudi,28.325,76.779,India
Gurmatkal,16.868,77.391,India
Behat,30.172,77.614,India
Nimaparha,20.058,86.004,India
Burhar,23.215,81.532,India
Barka Kana,23.621,85.467,India
Jalali,27.867,78.253,India
Vettaikkaranpudur,10.562,76.913,India
Anuppur,23.103,81.691,India
Jhalida,23.365,85.976,India
Fatehgarh Churian,31.864,74.957,India
Tirumala,13.683,79.35,India
Bhogpur,31.554,75.643,India
Bhattiprolu,16.103,80.781,India
Barjala,23.618,91.356,India
Kesinga,20.188,83.219,India
Mahishadal,22.186,87.981,India
Gubbi,13.312,76.941,India
Sompeta,18.944,84.584,India
Dumjor,22.62,88.246,India
Narauli,28.485,78.715,India
Arukutti,9.867,76.35,India
Murudeshwara,14.094,74.484,India
Kerur,16.014,75.546,India
Samdari,25.813,72.579,India
Vadlapudi,14.311,79.804,India
V.S.K.Valasai (Dindigul-Dist.),10.315,78.151,India
Handia,25.364,82.187,India
Sarwar,26.063,75.011,India
Takhatpur,22.129,81.87,India
Sarai Mir,26.027,82.918,India
Chakia,26.416,85.047,India
Katangi,23.441,79.796,India
Singarayakonda,15.23,80.028,India
Damnagar,21.692,71.517,India
Doda,33.149,75.547,India
Harpalpur,25.288,79.333,India
Kalanaur,28.828,76.395,India
Moram,17.788,76.471,India
Bhitarwar,25.792,78.111,India
Pennadam,11.404,79.242,India
Gangapur,25.22,74.26,India
Kundgol,15.256,75.247,India
Bargi,22.991,79.876,India
Jarwal,27.163,81.542,India
Una,31.465,76.269,India
Nichlaul,27.312,83.725,India
Kodoli,16.876,74.191,India
Pundri,29.761,76.56,India
Bhadaur,30.477,75.33,India
Tajpur,29.162,78.485,India
North Guwahati,26.197,91.72,India
Arang,21.196,81.969,India
Devgarh,25.525,73.908,India
Banapur,19.779,85.17,India
Murbad,19.254,73.39,India
Perundurai,11.276,77.588,India
Mundwa,27.063,73.823,India
Calangute,15.544,73.755,India
Sarai Akil,25.379,81.51,India
Amet,25.306,73.926,India
Naregal,15.573,75.808,India
Raybag,16.492,74.774,India
Bagdogra,26.699,88.312,India
Indergarh,26.935,79.671,India
Nilokheri,29.837,76.932,India
Alangayam,12.622,78.752,India
Howli,26.422,90.98,India
Banur,30.554,76.719,India
Phirangipuram,16.291,80.262,India
Chhoti Sadri,24.381,74.701,India
Jalalpore,20.949,72.898,India
Chhala,23.308,72.774,India
Takhatgarh,25.322,73.005,India
Sardulgarh,29.692,75.236,India
Bhanpuri,21.092,80.932,India
Naldurg,17.817,76.282,India
Rahimatpur,17.592,74.2,India
Mulki,13.091,74.794,India
Sriperumbudur,12.968,79.942,India
Balugaon,20.178,85.113,India
Bilthra,26.127,83.891,India
Khanapur,15.64,74.508,India
Khetri,28.001,75.786,India
Kolaras,25.219,77.612,India
Mendarda,21.321,70.441,India
Taleigao,15.469,73.833,India
Uttarkashi,30.73,78.443,India
Rajgarh,22.678,74.945,India
Moirang,24.497,93.778,India
Nirmali,26.314,86.585,India
Amroli,21.251,72.839,India
Bhanpura,24.513,75.747,India
Chalala,21.411,71.166,India
Madambakkam,12.852,80.047,India
Mahiari,22.588,88.235,India
Naraina,26.791,75.206,India
Adampur,31.432,75.715,India
Aurad,18.254,77.418,India
Nawabganj,26.864,82.141,India
Maghar,26.756,83.128,India
Jatara,25.01,79.049,India
Mundgod,14.971,75.037,India
Vasind,19.408,73.263,India
Narwar,25.644,77.913,India
Bhindar,24.502,74.186,India
Manjhanpur,25.53,81.376,India
Depalpur,22.851,75.542,India
Alnavar,15.427,74.741,India
Tanakpur,29.074,80.111,India
Jawad,24.599,74.863,India
Kutiyana,21.624,69.985,India
Amarpatan,24.314,80.977,India
Junagarh,19.86,82.934,India
Challapalle,16.118,80.931,India
Papanasam,10.927,79.271,India
Konarka,19.89,86.098,India
Mahudha,22.821,72.94,India
Sivagiri,11.12,77.788,India
Nagamangala,12.819,76.755,India
Honnali,14.24,75.645,India
Amta,22.583,88.01,India
Kadod,21.217,73.22,India
Harsud,22.099,76.734,India
Belonia,23.252,91.454,India
Beri Khas,28.701,76.577,India
Koath,25.326,84.26,India
Deshnoke,27.798,73.343,India
Kanke,23.435,85.321,India
Hirekerur,14.455,75.395,India
Deoli,20.649,78.48,India
Phaphund,26.599,79.464,India
Babrala,28.264,78.406,India
Athagarh,20.52,85.63,India
Malihabad,26.922,80.711,India
Jhusi,25.437,81.906,India
Gummidipundi,13.408,80.109,India
Shirhatti,15.234,75.58,India
Teonthar,24.982,81.642,India
Bokajan,26.021,93.779,India
Noamundi,22.161,85.504,India
Salumbar,24.135,74.044,India
Banki,20.379,85.53,India
Palera,25.02,79.228,India
Garui,22.633,88.4,India
Khatra,22.976,86.855,India
Garhshankar,31.215,76.141,India
Tondi,9.742,79.018,India
Nainwa,25.771,75.85,India
Khilchipur,24.039,76.578,India
Bharwari,25.561,81.492,India
Katpadi,12.97,79.146,India
Bhainsdehi,21.645,77.63,India
Madipakkam,12.962,80.199,India
Kumbhraj,24.373,77.048,India
Talwandi Bhai,30.856,74.93,India
Gokavaram,17.258,81.85,India
Padampur,20.999,83.063,India
Khada,27.183,83.883,India
Sultanpur,31.215,75.196,India
Jasidih,24.514,86.646,India
Sancoale,15.378,73.904,India
Narnaund,29.22,76.143,India
Gandarbal,34.226,74.775,India
Chennimalai,11.164,77.604,India
Bahula,23.652,87.165,India
Bilgi,16.347,75.618,India
Kulgam,33.645,75.019,India
Gandevi,20.812,72.998,India
Badvel,14.745,79.063,India
Makum,27.487,95.436,India
Kamalganj,27.262,79.631,India
Mahgawan,26.495,78.616,India
Babai,22.703,77.935,India
Pushkar,26.49,74.552,India
Baihar,22.101,80.55,India
Bandikui,27.051,76.573,India
Anamalais,10.583,76.934,India
Nambiyur,11.358,77.321,India
Cuncolim,15.177,73.994,India
Piriyapatna,12.335,76.101,India
Shahi,28.55,79.318,India
Neral,19.025,73.317,India
Guru Har Sahai,30.709,74.404,India
Nayagarh,20.129,85.096,India
Hajo,26.245,91.525,India
Virajpet,12.196,75.805,India
Bhikhi,30.059,75.535,India
Indri,29.88,77.06,India
Thakurganj,26.427,88.131,India
Udalguri,26.754,92.102,India
Vasa,22.661,72.755,India
Rura,26.49,79.901,India
Vadamadurai,10.441,78.098,India
Kannod,22.668,76.743,India
Ajra,16.116,74.211,India
Pipraich,26.827,83.526,India
Shahpur,25.603,84.404,India
Sunel,24.371,75.957,India
Unhel,23.338,75.559,India
Sisauli,29.414,77.469,India
Mihona,26.284,78.98,India
Bara Uchana,29.467,76.178,India
Kamakhyanagar,20.934,85.545,India
Abhayapuri,26.323,90.685,India
Arkalgud,12.762,76.06,India
Jodiya Bandar,22.717,70.283,India
Jagalur,14.52,76.339,India
Dumra,26.567,85.52,India
Pennagaram,12.134,77.895,India
Bhudgaon,16.907,74.6,India
Kankauli,16.266,73.712,India
Khairagarh,21.419,80.979,India
Khatima,28.921,79.971,India
Boisar,19.804,72.756,India
Neelankarai,12.95,80.259,India
Bagar,28.188,75.5,India
Srivaikuntam,8.629,77.913,India
Manthani,18.651,79.665,India
Madukkur,10.481,79.399,India
Khutar,28.203,80.27,India
Bari Sadri,24.413,74.473,India
Baberu,25.547,80.704,India
Lakhnadon,22.6,79.601,India
Chanasma,23.715,72.113,India
Nahorkatiya,27.289,95.342,India
Bilsanda,28.243,79.951,India
Leteri,24.06,77.409,India
Holalkere,14.043,76.185,India
Kotaparh,19.143,82.325,India
Vada,19.653,73.148,India
Udaipura,23.074,78.511,India
Nilgiri,21.462,86.768,India
Kosigi,15.855,77.245,India
Kalghatgi,15.183,74.971,India
Kalugumalai,9.149,77.706,India
Tirthahalli,13.688,75.245,India
Parvatsar,26.886,74.766,India
Pathalgaon,22.557,83.464,India
Asind,25.734,74.333,India
Kachhwa,25.206,82.714,India
Sayla,22.549,71.483,India
Naspur,18.846,79.462,India
Bah,26.869,78.594,India
Dornakal,17.445,80.149,India
Mirganj,28.54,79.208,India
Punahana,27.864,77.204,India
Katangi,21.774,79.805,India
Bhikangaon,21.868,75.964,India
Dicholi,15.593,73.946,India
Kathor,21.289,72.941,India
Pipili,20.114,85.831,India
Dalkola,25.876,87.84,India
Srivardhan,18.046,73.016,India
Anandpur,31.239,76.503,India
Mundra,22.839,69.722,India
Khuldabad,20.007,75.192,India
Gangolli,13.65,74.671,India
Chotila,22.423,71.196,India
Khapa,21.422,78.982,India
Hindoria,23.903,79.569,India
Korwai,24.118,78.04,India
Kenda,23.196,86.515,India
Phek,25.667,94.5,India
Sorada,19.761,84.43,India
Binka,21.026,83.812,India
Naraini,25.19,80.475,India
Lalpur,22.191,69.964,India
Mandapam,9.276,79.124,India
Pupri,26.471,85.703,India
Usehat,27.798,79.238,India
Punjai Puliyampatti,11.352,77.167,India
Pachperwa,27.512,82.643,India
Bantva,21.488,70.076,India
Khetia,21.671,74.585,India
Khamaria,23.226,79.88,India
Un,29.585,77.255,India
Misrikh,27.431,80.532,India
Chakia,25.049,83.222,India
Vagator,15.598,73.745,India
Pattan,34.161,74.556,India
Kushalnagar,12.458,75.959,India
Chakulia,22.483,86.718,India
Mohiuddinnagar,25.574,85.669,India
Vallam,10.72,79.06,India
Tezu,27.913,96.129,India
Kunnumma,9.357,76.413,India
Mauranwan,26.429,80.88,India
Mehnagar,25.879,83.116,India
Nawanshahr,32.765,74.528,India
Kalas,18.172,74.79,India
Utran,21.233,72.867,India
Khanpur,24.732,76.396,India
Fatehgarh,27.364,79.631,India
Shahgarh,24.314,79.118,India
Khed,17.719,73.397,India
Sidhpura,27.633,78.869,India
Vilattikulam,9.132,78.166,India
Jetalsar,21.709,70.577,India
Kondalwadi,18.807,77.77,India
Siddapur,14.343,74.894,India
Meethari Marwar,27.576,74.687,India
Madugula,17.916,82.816,India
Manchar,19.004,73.943,India
Sakharkherda,20.206,76.398,India
Biloli,18.774,77.725,India
Kupwara,34.031,74.264,India
Mohan,26.78,80.675,India
Purushottampur,19.52,84.885,India
Ayyampettai,10.901,79.18,India
Khanpur,28.534,78.065,India
Kamalapuram,14.598,78.669,India
Ajaigarh,24.899,80.259,India
Sarangarh,21.586,83.079,India
Vaghodia,22.305,73.4,India
Susner,23.947,76.088,India
Bariarpur,25.288,86.576,India
Gaurela,22.754,81.901,India
Gautampura,22.987,75.519,India
Ankola,14.66,74.305,India
Lakhtar,22.857,71.788,India
Jalakandapuram,11.698,77.873,India
Ammapettai,10.795,79.32,India
Shadipur Julana,29.124,76.405,India
Saidpur,28.611,77.909,India
Bodri,23.165,81.433,India
Valavanur,11.921,79.582,India
Elumalai,9.865,77.699,India
Thiruvaiyaru,10.884,79.104,India
Koratagere,13.522,77.237,India
Kudal,16.011,73.689,India
Bilkha,21.442,70.601,India
Manikpur,25.061,81.1,India
Karari,25.452,81.427,India
Panchgani,17.924,73.801,India
Kariapatti,9.675,78.1,India
Nongpoh,25.902,91.877,India
Ahiri,19.414,80.004,India
Dewa,27.036,81.167,India
Palavakkam,12.954,80.257,India
Chinchani,19.875,72.685,India
Ahwa,20.757,73.686,India
Salon,26.029,81.454,India
Ambahta,29.857,77.336,India
Nazira,26.916,94.736,India
Buguda,19.808,84.791,India
Bansgaon,26.55,83.345,India
Kankipadu,16.435,80.767,India
Tal,23.72,75.385,India
Mudukulattur,9.342,78.514,India
Bakewar,26.662,79.176,India
Ikauna,27.531,81.969,India
Sanwer,22.974,75.827,India
Mailani,28.291,80.344,India
Kaveripatnam,12.422,78.219,India
Razole,16.476,81.839,India
Devadanappatti,10.147,77.644,India
Thiruvidaimaruthur,10.999,79.452,India
Kyelang,32.572,77.024,India
Dharampuri,22.15,75.344,India
Chirgaon,25.572,78.814,India
Shankargarh,25.182,81.618,India
Nirsa,23.784,86.707,India
Patan,23.286,79.69,India
Turuvekere,13.164,76.666,India
Chorhat,24.427,81.669,India
Haldibari,26.339,88.782,India
Olpad,21.336,72.752,India
Sathankulam,8.442,77.913,India
Kuchinda,21.744,84.348,India
Moth,25.726,78.95,India
Shergarh,28.651,79.368,India
Jejuri,18.277,74.16,India
Alampur,15.88,78.134,India
Lakhipur,26.03,90.306,India
Simaria,24.795,81.152,India
Kirakat,25.637,82.916,India
Ghiror,27.189,78.793,India
Kharhial,20.288,82.761,India
Rajapur,25.387,81.151,India
Rabupura,28.252,77.603,India
Ramkola,26.902,83.838,India
Goshaingaon,26.439,89.963,India
Soalkuchi,26.168,91.571,India
Kotwa,25.031,81.319,India
Majitha,31.757,74.959,India
Nizamabad,26.053,83.058,India
Ziro,27.595,93.839,India
Pandaria,22.225,81.41,India
Joshimath,30.555,79.564,India
Amloh,30.608,76.232,India
Dirba,30.072,75.996,India
Allahganj,27.545,79.687,India
Betma,22.687,75.615,India
Vettavalam,12.108,79.245,India
Kharela,25.543,79.812,India
Talbahat,25.044,78.434,India
Kadaura,25.985,79.838,India
Solap,22.128,88.159,India
Iglas,27.711,77.94,India
Heggadadevankote,12.088,76.33,India
Vandalur,12.892,80.081,India
Amethi,26.157,81.805,India
Tekanpur,25.994,78.283,India
Pratapgarh,25.895,81.942,India
Kalanaur,32.012,75.151,India
Lasalgaon,20.143,74.239,India
Curti,15.417,74.017,India
Thandla,23.01,74.577,India
Ichhawar,23.028,77.017,India
Tikri,29.229,77.355,India
Sindi,20.805,78.888,India
Attayyampatti,11.533,78.054,India
Jahanabad,28.63,79.718,India
Sirathu,25.643,81.319,India
Chopan,24.52,83.023,India
Gopamau,27.535,80.285,India
Shahkot,31.082,75.337,India
Rani,25.35,73.309,India
Shupiyan,33.717,74.834,India
Nagarukhra City,22.939,88.638,India
Lohogaon,18.599,73.927,India
Patiali,27.691,78.998,India
Khargapur,24.823,79.144,India
Sasni,27.703,78.083,India
Ramnagar,27.085,81.406,India
Sitamau,24.015,75.353,India
Bhadarwah,32.979,75.717,India
Rajnagar,24.889,79.912,India
Garhi Pukhta,29.55,77.309,India
Dergaon,26.7,93.967,India
Mandal,23.289,71.919,India
Malkapur,16.92,73.935,India
Kamuthi,9.407,78.373,India
Khaga,25.772,81.104,India
Khailar,25.341,78.531,India
Bawal,28.072,76.583,India
Shi Yomi,28.53,94.373,India
Kalagarh Project Colony,29.478,78.784,India
Petlawad,23.011,74.798,India
Amarwara,22.298,79.169,India
Tral,33.927,75.116,India
Bilariaganj,26.196,83.227,India
Tirumullaivasal,11.24,79.837,India
Kombai,9.847,77.296,India
Kharkhauda,28.836,77.742,India
Manoharpur,22.375,85.192,India
Kodala,19.624,84.941,India
Bikapur,26.595,82.133,India
Goshainganj,26.571,82.381,India
Amanganj,24.427,80.036,India
Nurmahal,31.097,75.594,India
Lanja,16.861,73.55,India
Gurdaha,22.735,88.759,India
Gurh,24.503,81.5,India
Chandia,23.656,80.709,India
Kanor,24.434,74.265,India
Ashti,19.377,76.225,India
Pawai,24.266,80.162,India
Shahpur,23.894,79.051,India
Dhemaji,27.483,94.583,India
Birbhaddar,30.071,78.282,India
Vikasnagar,30.469,77.773,India
Kodumudi,11.078,77.884,India
Quepem,15.213,74.077,India
Dankaur,28.351,77.555,India
Bijni,26.496,90.703,India
Khusropur,25.482,85.385,India
Madanpur,23.006,88.492,India
Bali Chak,22.365,87.553,India
Raja Sansi,31.72,74.801,India
Ettaiyapuram,9.144,77.991,India
Simga,21.628,81.704,India
Makhu,31.103,74.996,India
Lakhipur,24.793,93.009,India
Shahpur,22.156,70.771,India
Lormi,22.274,81.702,India
Mohanur,11.059,78.14,India
Raghudebbati,22.526,88.196,India
Basugaon,26.467,90.42,India
Bandora,15.408,73.981,India
Shahpura,23.137,79.664,India
Bachhrawan,26.471,81.116,India
Akhnur,32.867,74.733,India
Dudhi,24.214,83.241,India
Dudhani,17.358,76.367,India
Kurara,25.98,79.99,India
Shirwal,18.151,73.978,India
Vansada,20.758,73.364,India
Omalur,11.741,78.046,India
Tendukheda,23.396,79.539,India
Nuh,28.103,77.001,India
Dostpur,26.275,82.471,India
Murud,18.328,72.962,India
Saraikela,22.7,85.931,India
Sachin,21.087,72.882,India
Perya,11.833,75.854,India
Muri,23.371,85.862,India
Khem Karan,31.144,74.559,India
Pendra,22.775,81.96,India
Khudaganj,28.146,79.715,India
Sonegaon,20.629,78.692,India
Sirsa,25.263,82.092,India
Tattayyangarpettai,11.124,78.449,India
Malkera,23.782,86.288,India
Mairang,25.562,91.636,India
Tosham,28.87,75.916,India
Hansot,21.585,72.808,India
Dongargaon,20.972,80.851,India
Mangawan,24.668,81.546,India
Vengurla,15.861,73.632,India
Vedasandur,10.531,77.95,India
Rahon,31.053,76.119,India
Gandai,21.667,81.1,India
Iluppur,10.513,78.624,India
Navelim,15.533,73.983,India
Thirukattupalli,10.844,78.956,India
Kankon,15.027,74.046,India
Sayalkudi,9.169,78.447,India
Seven Pagodas,12.621,80.193,India
Loharu,28.43,75.808,India
Wadgaon,18.739,73.639,India
Karambakkudi,10.459,79.141,India
Srimushnam,11.401,79.404,India
Vinchia,22.21,71.38,India
Radaur,30.027,77.152,India
Harduaganj,27.944,78.158,India
Suchindram,8.154,77.467,India
Odlabari,26.836,88.629,India
Mursan,27.578,77.941,India
Captainganj,26.926,83.713,India
Barjora,23.428,87.29,India
Sikandra,26.367,79.63,India
Deori,21.45,82.617,India
Mulanur,10.794,77.712,India
Amethi,28.017,81.05,India
Patan,17.375,73.901,India
Barhi,23.903,80.815,India
Satwas,22.536,76.685,India
Kumaralingam,10.489,77.35,India
Jawhar,19.912,73.227,India
Sankheda,22.17,73.578,India
Saurikh,27.031,79.488,India
Hata,26.741,83.745,India
Mandleshwar,22.176,75.66,India
Kharar,22.722,87.678,India
Baloda,22.139,82.482,India
Yelbarga,15.615,76.012,India
Kati,17.961,75.889,India
Balimila,18.252,82.107,India
Dayapar,23.634,68.902,India
Colva,15.28,73.923,India
Etikoppaka,17.5,82.733,India
Karumbakkam,12.702,80.091,India
Cavelossim,15.173,73.942,India
Kanodar,24.089,72.394,India
Bolanikhodan,22.113,85.336,India
Rajur,20.111,78.893,India
Kaintragarh,20.721,84.535,India
Delvada,20.775,71.046,India
Uklana,29.511,75.878,India
Amarpur,23.526,91.659,India
Canacona,14.996,74.051,India
Umrala,21.844,71.803,India
Atraulia,26.333,82.947,India
Mallapuram,11.982,78.248,India
Sirmaur,24.836,81.364,India
Ranir Bazar,23.835,91.366,India
Pirawa,24.155,76.027,India
Gobindapur,22.593,88.091,India
Bihpuriagaon,27.017,93.917,India
Ponnamaravati,10.28,78.536,India
Sapatgram,26.337,90.124,India
Sanquelim,15.564,74.008,India
Khallikot,19.609,85.086,India
Sumbal,34.231,74.647,India
Hosakote,14.276,77.168,India
Jainpur,26.154,83.335,India
Naduvattam,11.481,76.544,India
Panamaram,11.74,76.074,India
Barela,23.097,80.051,India
Bishnah,32.611,74.856,India
Pandhana,21.698,76.225,India
Papparappatti,12.221,78.059,India
Titron,29.668,77.324,India
Majholi,23.501,79.924,India
Valangaiman,10.89,79.393,India
Patrasaer,23.197,87.533,India
Kottaiyur,10.11,78.796,India
Dhuwaran,22.238,72.759,India
Masila,22.581,88.233,India
Maindargi,17.457,76.293,India
Uniara,26.153,75.215,India
Parnera,20.561,72.948,India
Aduthurai,11.015,79.481,India
Dalmau,26.065,81.03,India
Narayanavanam,13.426,79.589,India
Pudur,12.998,79.144,India
Ganjam,19.387,85.051,India
Arumbavur,11.381,78.73,India
Davorlim,15.272,73.992,India
Mundi,22.067,76.493,India
Alanganallur,10.047,78.09,India
Lakhna,26.648,79.148,India
Gua,22.214,85.388,India
Mangalam,9.765,78.64,India
Faridnagar,28.769,77.629,India
Bagra,23.733,86.317,India
Baragaon,25.429,82.817,India
Ghogha,21.688,72.276,India
Rampura,26.35,79.182,India
Kelamangalam,12.603,77.852,India
Yol,32.164,76.196,India
Ilampillai,11.607,78.007,India
Kurud,20.831,81.722,India
Akodia,23.38,76.599,India
Rambha,19.517,85.1,India
Sinor,21.911,73.34,India
Idukki,9.85,76.967,India
Anandnagar,27.101,83.272,India
Chandur,17.875,78.1,India
Barghat,22.031,79.733,India
Sadat,25.671,83.303,India
Kavaratti,10.567,72.642,India
Barkhera Kalan,28.452,79.807,India
Chandla,25.071,80.193,India
Andrott,10.812,73.674,India
Pansemal,21.66,74.699,India
Dohrighat,26.272,83.509,India
Puliyur,10.634,78.841,India
Digapahandi,19.373,84.572,India
Lakshettipet,18.867,79.217,India
Bahsuma,29.201,77.972,India
Chechat,24.767,75.883,India
Badarwas,24.975,77.565,India
Chhutmalpur,30.032,77.753,India
Bisenda Buzurg,25.404,80.619,India
Cherrapunji,25.301,91.696,India
Cheyyur,12.349,80.003,India
Chikitigarh,19.202,84.615,India
Saitlaw,23.972,92.575,India
Kattupputtur,10.994,78.219,India
Badarpur,24.869,92.596,India
Satrikh,26.86,81.196,India
Pandatarai,22.187,81.328,India
Sargur,12.0,76.396,India
Jiran,24.309,74.891,India
Mandawar,27.864,76.55,India
Shahapur,19.452,73.326,India
Govindgarh,27.504,76.999,India
Lala,24.554,92.616,India
Gola Bazar,26.345,83.353,India
Kesabpur,22.968,88.263,India
Daurala,29.113,77.705,India
Gangavalli,11.498,78.65,India
Gudlavalleru,16.35,81.05,India
Kheri Sampla,28.778,76.776,India
Narasingapuram,13.608,79.317,India
Nagothana,18.542,73.135,India
Udayagiri,20.124,84.369,India
Paliyad,22.258,71.56,India
Viraganur,11.476,78.736,India
Jobner,26.973,75.388,India
Sonamura,23.475,91.266,India
Kanina Khas,28.331,76.311,India
Dispur,26.136,91.801,India
Sailana,23.462,74.923,India
Hajan,34.299,74.617,India
Ajjampur,13.728,76.007,India
Baikunthpur,23.262,82.561,India
Jobat,22.416,74.568,India
Gangaikondan,8.858,77.78,India
Allapalli,19.432,80.064,India
Bagli,22.641,76.349,India
Nawabganj,26.497,80.309,India
Chhachhrauli,30.245,77.36,India
Kalinagar,28.62,80.082,India
Manavalakurichi,8.148,77.306,India
Rajapur,16.657,73.517,India
Rehti,22.738,77.434,India
Ramanuj Ganj,23.806,83.7,India
Parshadepur,26.074,81.492,India
Ranapur,22.647,74.521,India
Bhulath Gharbi,31.543,75.508,India
patamda,24.3,85.417,India
Periyapatti,10.758,77.271,India
Dhana,23.747,78.862,India
Buriya,30.159,77.358,India
Kulattur,9.003,78.193,India
Serula,15.548,73.843,India
Talgram,27.048,79.648,India
Alangudi,10.361,78.985,India
Bithur,26.607,80.271,India
Sarai Ekdil,26.744,79.094,India
Trimbak,19.933,73.529,India
Naliya,23.261,68.827,India
Walajabad,12.79,79.824,India
Baldev,27.407,77.822,India
Madhogarh,26.275,79.186,India
Pavuluru,15.853,80.165,India
Mallur,11.544,78.141,India
Meghraj,23.498,73.514,India
Solim,15.615,73.767,India
Marandahalli,12.388,78.003,India
Vikravandi,12.037,79.546,India
Nandgaon,27.711,77.387,India
Minicoy,8.289,73.062,India
Mohgaon,21.639,78.736,India
Banposh,22.248,84.81,India
Adalaj,23.165,72.581,India
Beniganj,27.293,80.444,India
Revadanda,18.554,72.926,India
Gariaband,20.633,82.062,India
Tindwari,25.617,80.527,India
Nagireddipalli,14.27,79.101,India
Isagarh,24.839,77.883,India
Amanpur,27.712,78.738,India
Belaguntha,19.882,84.638,India
Kushalgarh,23.199,74.451,India
Nyamti,14.149,75.576,India
Niwari,28.876,77.538,India
Muragacha,23.536,88.394,India
Madhoganj,27.118,80.141,India
Kishangarh,27.819,76.73,India
Pullambadi,10.941,78.91,India
Vartej,21.739,72.066,India
Harrai,22.614,79.222,India
Nalagarh,31.042,76.723,India
Bahua,25.839,80.623,India
Narayangarh,24.271,75.05,India
Chichli,22.834,78.826,India
Benaulim,15.264,73.928,India
Chinnasekkadu,13.161,80.257,India
Tori-Fatehpur,25.455,79.114,India
Govindgarh,24.378,81.296,India
Khonsa,27.017,95.567,India
Nannilam,10.879,79.611,India
Baikunthpur,24.728,81.41,India
Tankara,22.656,70.749,India
Begowal,31.612,75.521,India
Kiranur,10.57,78.787,India
Sirpur,19.48,79.576,India
Mirik,26.888,88.19,India
Manohar Thana,24.24,76.802,India
Farrukhnagar,28.447,76.824,India
Partapur,23.593,74.174,India
Kalavai,12.77,79.42,India
Jahangirpur,28.179,77.705,India
Jagnair,26.864,77.602,India
Alampur,26.025,78.797,India
Udpura,24.734,75.975,India
Kayattar,8.948,77.774,India
vadlamuru,17.095,82.166,India
Velankanni,10.683,79.833,India
Makhjan,17.27,73.5,India
Arambol,15.687,73.704,India
Hampi,15.335,76.46,India
Daulatabad,19.936,75.221,India
Ramamangalam,9.933,76.5,India
Lodhikheda,21.582,78.859,India
Karrapur,23.949,78.866,India
Ganj Muradabad,26.957,80.184,India
Bhabhra,22.53,74.328,India
Khujner,23.786,76.618,India
Chandbali,20.775,86.741,India
Hasanpur,27.969,77.495,India
Nangavalli,11.762,77.891,India
Kottapalli,18.495,79.094,India
Gohpur,26.882,93.616,India
Chima,30.685,76.086,India
Tirumakudal Narsipur,12.212,76.902,India
Jasrana,27.236,78.652,India
Nagram,26.619,81.14,India
Kishni,27.025,79.262,India
Eraniel,8.206,77.317,India
Begampur,22.731,88.258,India
Sarupathar,26.206,96.81,India
Talen,23.569,76.728,India
Barsana,27.648,77.376,India
Antri,26.058,78.21,India
Gandhi Nagar,13.006,80.254,India
Mankapur,27.052,82.23,India
Puduvayal,13.33,80.146,India
Bakshwaho,24.251,79.286,India
Kallupatti,9.717,77.867,India
Kiri Buru,22.083,85.35,India
Haringhata,22.965,88.575,India
Paddhari,22.437,70.602,India
Patti,25.922,82.2,India
Ramchandrapur,22.896,88.475,India
Noria,32.521,74.798,India
Masinigudi,11.568,76.641,India
Betul Bazar,21.856,77.929,India
Kot Isa Khan,30.947,75.138,India
Debipur,24.25,88.618,India
Mettuppalaiyam,11.168,78.449,India
Erumaippatti,11.147,78.29,India
Khargupur,27.376,81.988,India
Karimpur,23.976,88.619,India
Konanur,12.63,76.05,India
Bokakhat,26.64,93.601,India
Goshainganj,26.768,81.108,India
Mahaban,27.433,77.743,India
Gobindpur,23.836,86.519,India
Garautha,25.572,79.298,India
Champua,22.067,85.665,India
Periyapattinam,9.273,78.902,India
Harbatpur,30.439,77.741,India
Hiranagar,32.455,75.272,India
Nurpur Kalan,31.167,76.483,India
Raia,15.305,73.971,India
Sultanpur,23.138,77.934,India
Khamanon Kalan,30.817,76.355,India
Murgud,16.396,74.191,India
Shahpur,23.024,81.004,India
Naigarhi,24.787,81.779,India
Umri,26.511,78.937,India
Hatod,22.794,75.739,India
Patan,21.033,81.533,India
Mhasla,18.133,73.112,India
Mudgere,13.134,75.642,India
Basna,21.279,82.827,India
Mandasa,18.868,84.463,India
Belur,11.708,78.414,India
Ambagarh Chauki,20.776,80.746,India
Gudibanda,13.671,77.704,India
Peraiyur,9.736,77.79,India
Farah,27.321,77.762,India
Namli,23.461,75.06,India
Kampil,27.613,79.277,India
Candolim,15.518,73.763,India
Eral,8.626,78.023,India
Kangar,32.091,76.263,India
Dabhol,17.59,73.18,India
Needamangalam,10.774,79.419,India
Bhojudih,23.64,86.441,India
Zafarabad,25.699,82.734,India
Katra,32.992,74.932,India
Pali,24.492,78.416,India
Mowad,21.465,78.451,India
Bamna,23.095,74.762,India
Kenduadih,23.736,86.374,India
Singoli,24.967,75.3,India
Sohagi,24.982,81.696,India
Haraiya,26.795,82.464,India
Puttaparthi,14.165,77.812,India
Mustafabad,30.202,77.149,India
Iklehra,23.147,76.39,India
Chelakara,10.693,76.344,India
Manjeshvar,12.713,74.889,India
Kharod,21.744,82.579,India
Manor,19.724,72.91,India
Pallipattu,13.339,79.445,India
Yelandur,12.046,77.03,India
Mahroni,24.586,78.728,India
Phulpur,26.078,82.876,India
Alwa Tirunagari,8.606,77.94,India
Seorinarayan,21.721,82.593,India
Kannavam,11.845,75.663,India
Santokhgarh,31.352,76.318,India
Tirodi,21.685,79.719,India
Virpur,23.189,73.48,India
Kantilo,20.362,85.192,India
Ahmadpur,23.83,87.687,India
Papireddippatti,11.918,78.369,India
Manappakkam,13.011,80.169,India
Annamalainagar,11.4,79.733,India
Tiruppalaikudi,9.546,78.917,India
Tikaitnagar,26.946,81.566,India
Yairipok,24.678,94.048,India
Bhigvan,18.301,74.767,India
Gawan,28.42,78.352,India
Bageshwar,29.837,79.772,India
Sultanpur,20.087,76.519,India
Kurgunta,17.193,77.358,India
Roha,23.196,69.271,India
Parbatipur,22.663,88.222,India
Baragaon,25.476,78.712,India
Bakani,24.286,76.237,India
Kawant,22.093,74.051,India
Parwanoo,30.837,76.961,India
Mataundh,25.436,80.157,India
Pippara,16.717,81.55,India
Lalam,9.717,76.7,India
Machalpur,24.128,76.317,India
Ammapettai,11.62,77.743,India
Korukollu,16.5,81.25,India
Nandambakkam,12.978,80.068,India
Kotra,25.808,79.309,India
Sultanpur,29.755,78.11,India
Dhanwar,24.411,85.982,India
Gharghoda,22.174,83.352,India
Orchha,25.352,78.64,India
Bagnan,22.933,88.139,India
Amguri,26.815,94.526,India
Thanniyam,10.417,76.133,India
Dhilwan,31.514,75.346,India
Jetpur,22.345,73.841,India
Palamedu,10.105,78.113,India
Chail,25.427,81.632,India
Jaithari,23.209,78.615,India
Maibong,25.301,93.138,India
Alagapuram,11.887,78.918,India
Perur,10.975,76.913,India
Manali,32.257,77.175,India
Hariana,31.635,75.839,India
Konganapuram,11.571,77.9,India
Valpoy,15.532,74.137,India
Antu,26.057,81.903,India
Kandri,21.42,79.277,India
Singapperumalkovil,12.759,80.007,India
Odugattur,12.768,78.883,India
Baldeogarh,24.756,79.067,India
Pudur,9.292,78.138,India
Balapur,17.31,78.5,India
Pennathur,12.247,79.226,India
Doiwala,30.177,78.117,India
Munirabad,15.309,76.338,India
Dhola,21.881,71.773,India
Lansdowne,29.842,78.68,India
Pallattur,10.146,78.803,India
Ramnagar,32.807,75.311,India
Rohru,31.203,77.755,India
Jandiala Guru,31.562,75.028,India
Tarabha,20.733,83.674,India
Golakganj,26.102,89.823,India
Azhikkal,11.94,75.305,India
Kalundri,18.98,73.127,India
Riasi,33.081,74.832,India
Musafir-Khana,26.378,81.796,India
Arimalam,10.255,78.884,India
Bhatgaon,21.15,81.7,India
Tsrar Sharif,33.863,74.765,India
Sarila,25.776,79.675,India
Jhulasan,23.329,72.473,India
Jasrasar,27.707,73.813,India
Bara Bazar,22.567,88.35,India
Bamora,24.055,78.089,India
Nambutalai,9.728,79.007,India
Periyanegamam,10.743,77.103,India
Sahapur,22.524,88.167,India
Gangadharpur,22.76,88.22,India
Annavasal,10.461,78.7,India
Titabar,26.601,94.204,India
Banavar,13.41,76.163,India
Seethanagaram,17.177,81.692,India
Sakit,27.435,78.779,India
Parol,32.346,75.434,India
Rasulabad,26.745,80.49,India
Kothi,24.753,80.778,India
Chicalim,15.398,73.842,India
Narasimharajapura,13.611,75.512,India
Bag,22.359,74.791,India
Iawar,23.009,76.501,India
Pahlgam,34.016,75.319,India
Tira Sujanpur,31.834,76.505,India
Barkot,30.809,78.206,India
Piploda,23.35,75.433,India
Rengali,21.646,84.053,India
Beltangadi,13.983,75.3,India
Bajna,27.898,77.678,India
Amini,11.114,72.719,India
Kilvelur,10.767,79.742,India
Belluru,12.981,76.733,India
Manalurpettai,12.008,79.092,India
Chabua,27.483,95.175,India
Daulatpur,25.326,88.33,India
Malhargarh,24.283,74.99,India
Sorbhog,26.486,90.886,India
Amarkantak,22.675,81.759,India
Dalhousie,32.552,75.947,India
Jaisinghnagar,23.686,81.391,India
Nadigaon,26.108,79.023,India
Pithora,21.25,82.517,India
Puduppatti,11.152,78.212,India
Cortalim,15.402,73.909,India
Wangjing,24.589,94.064,India
Koonimedu,12.085,79.889,India
Agatti,10.835,72.182,India
Uttukkuli,11.169,77.454,India
Bishunpur Urf Maharajganj,26.259,83.116,India
Ratangarh,24.817,75.117,India
Tarapur,19.865,72.684,India
Ghorawal,24.755,82.78,India
Dera Nanak,32.037,75.028,India
Chikhli,20.758,73.063,India
Kadipur,26.168,82.37,India
Barpathar,26.287,93.888,India
Jakhal,29.796,75.824,India
Bamboo Flat,11.7,92.717,India
Alawalpur,31.432,75.656,India
Barwadih,23.848,84.11,India
Parichha,25.508,78.76,India
Numaligarh,26.622,93.722,India
Khed,18.338,73.847,India
Ukwa,21.971,80.466,India
Chinchinim,15.214,73.976,India
Dharchula,29.847,80.52,India
Haripur,22.936,88.232,India
Kunnattur,12.348,78.51,India
Krishnapur,22.67,88.269,India
Ramban,33.243,75.235,India
Sanchi,23.486,77.738,India
Gohand,25.699,79.546,India
Chittarkonda,18.125,82.109,India
Somvarpet,12.597,75.85,India
Kharsawan,22.791,85.831,India
Swamimalai,10.957,79.329,India
Mahur,25.183,93.113,India
Gopalpur,19.259,84.905,India
Babugarh,28.724,77.847,India
Harnai,17.813,73.097,India
Mohpa,21.31,78.83,India
Banbasa,28.991,80.076,India
Moranha,27.187,94.916,India
Bomdila,27.265,92.425,India
Sorab,14.381,75.092,India
Guirim,15.576,73.807,India
Sodpur,22.704,88.392,India
Jagannathpur,22.221,85.639,India
Inda Chhoi,29.64,75.79,India
Khamharia,20.976,82.251,India
Akalgarh,29.821,75.891,India
Katpur,21.059,71.795,India
Malpur,23.36,73.466,India
Nanguneri,8.493,77.658,India
Kotar,24.698,80.981,India
Goregaon,18.155,73.291,India
Galiakot,23.52,74.02,India
Kandra,22.852,86.052,India
Mansar,21.396,79.263,India
Uppiliyapuram,11.264,78.514,India
Gudari,19.348,83.781,India
Gopalpur,22.618,88.751,India
Gogapur,23.557,75.517,India
Katra,27.509,82.026,India
Abiramam,9.442,78.44,India
Awantipur,33.92,75.015,India
Kaladhungi,29.284,79.351,India
Lohaghat,29.404,80.09,India
Uri,34.081,74.051,India
Pedda bhogili,18.661,83.378,India
Itaunja,27.083,80.897,India
Shivrajpur,22.423,73.609,India
Garhdiwala,31.741,75.756,India
Sabathu,30.975,76.991,India
Ghumarwin,31.442,76.715,India
Khaur,32.603,74.809,India
Vijayapuri,11.245,77.501,India
Manpur,22.432,75.621,India
Bhim Tal,29.344,79.563,India
Aldona,15.593,73.875,India
Alur,12.978,75.991,India
Ghansor,22.66,79.95,India
Bhagwantnagar,26.224,80.757,India
Auras,26.914,80.508,India
S. Rayavaram,17.455,82.806,India
Surgana,20.56,73.637,India
Cholapuram,9.352,77.568,India
Ugu,26.797,80.321,India
Narharpur,20.449,81.62,India
Oran,25.369,80.742,India
Dhali,10.51,77.188,India
Kiranur,10.594,77.503,India
Chhuikhadan,21.523,80.998,India
Elayirampannai,9.27,77.825,India
Kumsi,14.055,75.4,India
Waghai,20.77,73.501,India
Mayakonda,14.289,76.083,India
Narsingi,18.045,78.425,India
Maharajganj,26.381,81.274,India
Radhakund,27.524,77.491,India
Bighapur Khurd,26.347,80.657,India
Phariha,27.322,78.473,India
Sini,22.793,85.945,India
Ambasa,23.936,91.854,India
Ula,22.723,88.556,India
Hesla,24.063,85.879,India
Sankarpur,22.848,88.451,India
Gidam,18.974,81.399,India
Rampur,31.449,77.631,India
Sabrum,23.002,91.724,India
Gorur,12.823,76.065,India
Ram Das,31.967,74.909,India
Ateli Mandi,28.101,76.26,India
Koradachcheri,10.77,79.492,India
Singtam,27.235,88.502,India
Londa,15.469,74.519,India
Nagrota,32.057,76.091,India
Sanguem,15.229,74.151,India
Ponnampet,12.145,75.945,India
Dungarpur,21.288,71.756,India
Kishanpur,25.642,81.023,India
Mamit,23.927,92.49,India
Raghunathpur,25.645,87.918,India
Ghanaur,30.331,76.612,India
Vellanur,13.158,80.106,India
Badhni Kalan,30.681,75.291,India
Hirapur Hamesha,21.555,79.786,India
Asarganj,25.15,86.686,India
Beliator,23.321,87.221,India
Artist Village,19.032,73.043,India
Kovalam,8.367,76.997,India
Thenzawl,23.317,92.75,India
Ramapuram,15.287,77.867,India
Ray,23.684,85.055,India
Fatehpur Chaurasi,26.789,80.265,India
Nattarasankottai,9.869,78.553,India
Beswan,27.638,77.88,India
Shirgaon,19.696,72.715,India
Saligao,15.554,73.79,India
Topchanchi,23.904,86.198,India
Sairang,23.81,92.652,India
Talni,19.882,76.473,India
Bhuma,27.783,74.933,India
Bijrauni,24.933,77.644,India
Kodigenahalli,13.721,77.386,India
Colovale,15.635,73.824,India
Peranamallur,12.571,79.433,India
Queula,15.39,73.986,India
Bhowali,29.39,79.505,India
Hajipur,31.977,75.754,India
Goa Velha,15.444,73.886,India
Gudur,17.492,78.823,India
Mattur,11.321,79.202,India
Dehu,18.719,73.766,India
Mohanpur,28.253,80.245,India
Alappakkam,11.599,79.719,India
Qazigund,33.638,75.143,India
Carapur,15.566,73.987,India
Pernem,15.723,73.795,India
Anjani Budruk,20.172,76.648,India
Kamalpur,24.196,91.834,India
Jua,15.531,73.95,India
Bambolim,15.464,73.853,India
Palle,15.467,74.083,India
Kadmat,11.225,72.775,India
Naroda,23.07,72.657,India
Desur,12.437,79.481,India
Matheran,18.983,73.265,India
Jawala Mukhi,31.875,76.32,India
Dusi,12.776,79.679,India
Gopinathpur,22.663,86.075,India
Jogindarnagar,31.987,76.789,India
Kasauli,30.899,76.966,India
Raiwala Bara,30.019,78.229,India
Ramnagar,22.778,88.246,India
Hosanagara,13.914,75.065,India
Aruvankad,11.363,76.758,India
Diguvametta,15.395,78.829,India
Koppa,13.53,75.363,India
Bhandardaha,22.615,88.192,India
Sravana Belgola,12.857,76.489,India
Varca,15.232,73.943,India
Sanvordem,15.263,74.12,India
Madhogarh,24.564,80.911,India
Avanoor,10.608,76.176,India
Kotla,32.25,76.033,India
Ramgarh,33.404,74.224,India
Nadaun,31.783,76.343,India
Tawang,27.574,91.924,India
Kanadukattan,10.172,78.779,India
Daulatpur,31.789,75.992,India
Dera Gopipur,31.879,76.219,India
Narendranagar,30.162,78.287,India
Raha,26.233,92.517,India
Palasbari,26.124,91.54,India
Patuli,23.553,88.265,India
Magam,34.093,74.59,India
Champawat,29.335,80.078,India
Chandil,22.957,86.053,India
Kadambur,8.997,77.862,India
Mandholi Kalan,28.709,75.683,India
Sanivarsante,12.728,75.887,India
Neturhat,23.475,84.268,India
Kalpeni,10.083,73.643,India
Sham Churasi,31.5,75.749,India
Pandoh,31.669,77.054,India
Gokul,27.439,77.72,India
Shahpur,22.195,77.907,India
Sringeri,13.417,75.253,India
Kothapet,19.352,79.483,India
Batoti,33.118,75.309,India
Theog,31.122,77.358,India
Basar,27.99,94.695,India
Daitari,21.1,85.75,India
Palampur,32.115,76.557,India
Panara,22.206,78.551,India
Kalikapur,22.617,86.288,India
Gho Brahmanan de,32.556,74.954,India
Rangpo,27.177,88.534,India
Melukote,12.663,76.649,India
Gyalshing,27.29,88.258,India
Darlawn,24.013,92.924,India
Jaurian,32.833,74.576,India
Kiltan,11.486,73.004,India
Chiria,22.311,85.276,India
Sarka Ghat,31.699,76.735,India
Thanna Mandi,33.542,74.381,India
Vengavasal,12.899,80.169,India
Ghoga,25.217,87.157,India
Digha,21.628,87.52,India
Panhala,16.812,74.11,India
Jorethang,27.107,88.323,India
Daulatpur,32.056,76.261,India
Suntikoppa,12.456,75.83,India
Bhagirathpur,26.27,86.063,India
North Vanlaiphai,23.132,93.065,India
Borkhera,25.521,75.64,India
Chuari Khas,32.431,76.014,India
Guhagar,17.484,73.193,India
Yarada,17.659,83.274,India
Dayal Bagh,27.221,78.011,India
Chakrata,30.704,77.864,India
Gopalur,16.612,77.807,India
Sarubera,23.818,85.996,India
Arki,31.152,76.967,India
Banihal,33.436,75.197,India
Kalaikunda,22.339,87.226,India
Korampallam,8.775,78.092,India
Pachmarhi,22.468,78.433,India
Koradi,21.248,79.106,India
Mugma,23.77,86.727,India
Dariba,24.949,74.134,India
Gagret,31.658,76.061,India
Anjani Khurd,20.067,76.479,India
Nangilickondan,12.255,79.475,India
Chowari,32.432,76.012,India
Govindapuram,16.155,80.103,India
Dagshai,30.884,77.052,India
Pallevada,16.578,81.295,India
Rajgarh,30.851,77.301,India
Chatakonda,17.553,80.648,India
Dugadda,29.807,78.611,India
Kodlipet,12.801,75.887,India
Hosangadi,13.698,74.954,India
Rudraprayag,30.285,78.984,India
Khawhai,23.378,93.128,India
Naigaon Dattapur,20.244,76.575,India
pedda nakkalapalem,15.867,80.162,India
Jutogh,31.1,77.117,India
Wadgaon Tejan,20.052,76.511,India
Dwarahat,29.778,79.427,India
Kuttalam,8.93,77.27,India
Jogighopa,26.226,90.572,India
Chetlat,11.688,72.71,India
Reddivaripalle,13.603,79.047,India
Madhavkampa,23.191,73.228,India
Devaprayag,30.146,78.603,India
Ganguvada,18.667,84.117,India
Shivani Pisa,20.096,76.453,India
Baga,15.565,73.755,India
Sector,28.571,77.326,India
Dadra,20.325,72.966,India
Paikpara,24.771,87.923,India
Pipalkoti,30.426,79.431,India
Edakkulam,10.61,76.184,India
Auroville,12.005,79.809,India
Nagar,32.138,77.174,India
Pitampura,28.69,77.131,India
Walhur,20.056,76.483,India
Pangala,13.25,74.75,India
Kolanukonda,16.454,80.61,India
Hayuliang,28.073,96.543,India
Bakreswar,23.883,87.373,India
Bakloh,32.479,75.919,India
Chaupal,30.946,77.588,India
Seoni,31.242,77.124,India
Thang,34.927,76.793,India
Akasahebpet,17.505,82.566,India
Harina Pashdal Bar,21.902,87.706,India
Sarahan,31.51,77.794,India
Mangan,27.51,88.522,India
Abhaneri,27.007,76.608,India
7LC,29.403,73.603,India
Morjim,15.631,73.739,India
Banjar,31.639,77.341,India
Jubbal,31.109,77.651,India
Baisi,25.863,87.745,India
Kotkhai,31.117,77.539,India
Kud,33.072,75.287,India
Palackattumala,9.744,76.629,India
Ajani Khurd,18.62,76.941,India
Koyali,20.029,76.491,India
Namchi,27.165,88.364,India
Pimpalkhuta,20.015,76.5,India
Wadgaon Sarhad,19.904,76.482,India
Naya Bazar,27.131,88.24,India
Garha Brahman,23.869,77.357,India
"Kalimpong, Kruketi",27.056,88.462,India
Resubelpara,25.904,90.607,India
Nautan,26.72,84.475,India
Kangpokpi,25.153,93.972,India
Kagaznagar,19.332,79.466,India
Neemuch,24.476,74.862,India
Hawai,27.887,96.802,India
Sonari,27.073,95.028,India
Beed,18.989,75.756,India
Bishnupur,24.628,93.762,India
Tirupattur,12.492,78.568,India
Pherzawl,24.262,93.189,India
Surajpur,23.213,82.868,India
George Town,13.093,80.28,India
Hatsingimari,25.71,89.901,India
Sukma,18.39,81.659,India
Medchal,17.63,78.481,India
Garamur,26.949,94.172,India
Ampati,25.462,89.933,India
Pangin,28.21,94.989,India
Mushalpur,26.579,91.426,India
Khliehriat,25.358,92.366,India
Tengnoupal,24.386,94.147,India
Balrampur,23.612,83.611,India
Defence Colony,28.571,77.233,India
Pakke Kessang,27.147,93.246,India
Jaoli,17.948,73.622,India
Hnahthial,22.91,92.76,India
Amaravati,16.542,80.515,India
Chittoor,13.211,79.096,India
Shahdara,28.603,77.14,India
Jiribam,24.804,93.121,India
Williamnagar,25.495,90.617,India
Dasarahalli,13.099,77.832,India
Namsai,27.669,95.864,India
Hamren,25.934,92.617,India
Longleng,26.49,94.818,India
Chandel,24.33,94.004,India
Bishramganj,23.606,91.344,India
Haveli,18.43,73.882,India
Kamjong,24.858,94.515,India
Khanpur,23.284,73.682,India
Biswanath Chariali,26.726,93.147,India
Bina,24.18,78.2,India
Madha,18.033,75.523,India
Alirajpur,22.306,74.356,India
Kurukshetra,29.969,76.878,India
Shanghai,31.222,121.458,China
Buenos Aires,-34.613,-58.377,Argentina
Mexico City,19.428,-99.128,Mexico
Karachi,24.906,67.082,Pakistan
Istanbul,41.014,28.95,Turkey
Manila,14.604,120.982,Philippines
Moscow,55.752,37.616,Russian Federation
Dhaka,23.71,90.407,Bangladesh
Seoul,37.568,126.978,"Korea, Republic Of"
Sao Paulo,-23.547,-46.636,Brazil
Lagos,6.453,3.396,Nigeria
Jakarta,-6.215,106.845,Indonesia
Tokyo,35.69,139.692,Japan
Zhumadian,32.979,114.029,China
New York City,40.714,-74.006,United States
Taipei,25.048,121.532,"Taiwan, Province Of China"
Kinshasa,-4.321,15.308,"Congo, The Democratic Republic Of The"
Lima,-12.043,-77.028,Peru
Cairo,30.063,31.25,Egypt
City of London,51.513,-0.092,United Kingdom
London,51.509,-0.126,United Kingdom
Beijing,39.907,116.397,China
Tehran,35.694,51.422,"Iran, Islamic Republic Of"
Nanchong,30.795,106.085,China
Bogota,4.61,-74.082,Colombia
Hong Kong,22.286,114.158,Hong Kong
Lahore,31.55,74.344,Pakistan
Rio de Janeiro,-22.903,-43.208,Brazil
Baghdad,33.341,44.401,Iraq
Tai'an,36.185,117.12,China
Bangkok,13.754,100.501,Thailand
Yueyang,29.333,113.092,China
Santiago,-33.457,-70.648,Chile
Kaifeng,34.799,114.307,China
Toronto,43.7,-79.416,Canada
Rangoon,16.805,96.156,Myanmar
Sydney,-33.868,151.207,Australia
Riyadh,24.688,46.722,Saudi Arabia
Wuhan,30.583,114.267,China
Saint Petersburg,59.894,30.264,Russian Federation
Chongqing,29.563,106.553,China
Chengdu,30.667,104.067,China
Chittagong,22.338,91.832,Bangladesh
Alexandria,31.216,29.955,Egypt
Los Angeles,34.052,-118.244,United States
Tianjin,39.142,117.177,China
Melbourne,-37.814,144.963,Australia
Busan,35.103,129.04,"Korea, Republic Of"
Abidjan,5.31,-4.013,Côte D'ivoire
Kano,12.0,8.517,Nigeria
Puyang,29.457,119.889,China
Yokohama-shi,35.448,139.643,Japan
Ibadan,7.388,3.896,Nigeria
Singapore,1.29,103.85,Singapore
Ankara,39.92,32.854,Turkey
Shenyang,41.792,123.433,China
Thanh pho Ho Chi Minh,10.75,106.667,Viet Nam
Shiyan,32.648,110.778,China
Cape Town,-33.926,18.423,South Africa
Berlin,52.524,13.411,Germany
Montreal,45.509,-73.588,Canada
Madrid,40.416,-3.703,Spain
Harbin,45.75,126.65,China
Xi'an,34.258,108.929,China
Pyongyang,39.034,125.754,"Korea, Democratic People's Republic Of"
Lanzhou,36.056,103.792,China
Guangzhou,23.117,113.25,China
Casablanca,33.588,-7.611,Morocco
Durban,-29.858,31.029,South Africa
Nanjing,32.062,118.778,China
Kabul,34.528,69.172,Afghanistan
Shenzhen,22.546,114.068,China
Caracas,10.488,-66.879,"Venezuela, Bolivarian Republic Of"
Jeddah,21.517,39.219,Saudi Arabia
Luanda,-8.837,13.234,Angola
Quezon City,14.649,121.051,Philippines
Addis Ababa,9.025,38.747,Ethiopia
Nairobi,-1.283,36.817,Kenya
Taiyuan,37.869,112.56,China
Salvador,-12.971,-38.511,Brazil
Dar es Salaam,-6.823,39.27,"Tanzania, United Republic Of"
Chicago,41.85,-87.65,United States
Incheon,37.454,126.732,"Korea, Republic Of"
Yunfu,22.931,112.037,China
Al Basrah,30.533,47.797,Iraq
Osaka-shi,34.694,135.502,Japan
Mogadishu,2.037,45.344,Somalia
Daegu,35.87,128.591,"Korea, Republic Of"
Roma,41.895,12.484,Italy
Changchun,43.88,125.323,China
Kiev,50.455,30.524,Ukraine
Faisalabad,31.417,73.083,Pakistan
Izmir,38.413,27.138,Turkey
Zhongshan,21.323,110.583,China
Dakar,14.694,-17.444,Senegal
Al Jizah,30.008,31.211,Egypt
Fortaleza,-3.717,-38.543,Brazil
Cali,3.437,-76.522,Colombia
Surabaya,-7.249,112.751,Indonesia
Belo Horizonte,-19.921,-43.938,Brazil
Grand Dakar,14.709,-17.455,Senegal
Mashhad,36.297,59.606,"Iran, Islamic Republic Of"
Brooklyn,40.65,-73.95,United States
Maracaibo,10.632,-71.641,"Venezuela, Bolivarian Republic Of"
Brasilia,-15.78,-47.93,Brazil
Santo Domingo,18.5,-69.989,Dominican Republic
Nagoya-shi,35.181,136.906,Japan
Havana,23.133,-82.383,Cuba
Paris,48.853,2.349,France
Houston,29.763,-95.363,United States
Changsha,28.2,112.967,China
Jinan,36.668,116.997,China
Al Mawsil al Jadidah,36.331,43.091,Iraq
Dalian,38.912,121.602,China
Johannesburg,-26.202,28.044,South Africa
Kowloon,22.317,114.183,Hong Kong
Al Basrat al Qadimah,30.495,47.817,Iraq
Zhengzhou,34.758,113.649,China
Almaty,43.257,76.928,Kazakhstan
Medellin,6.252,-75.564,Colombia
Shijiazhuang,38.041,114.479,China
Tashkent,41.265,69.216,Uzbekistan
Algiers,36.752,3.042,Algeria
Khartoum,15.552,32.532,Sudan
Accra,5.556,-0.197,Ghana
Guayaquil,-2.167,-79.9,Ecuador
Ordos,39.609,109.782,China
Sanaa,15.355,44.207,Yemen
Beirut,33.889,35.494,Lebanon
Sapporo-shi,43.064,141.347,Japan
Jilin,43.851,126.56,China
Hangzhou,30.294,120.161,China
Bucharest,44.432,26.106,Romania
Nanchang,28.683,115.883,China
Camayenne,9.535,-13.688,Guinea
Vancouver,49.25,-123.119,Canada
Iztapalapa,19.351,-99.052,Mexico
Ecatepec,19.601,-99.052,Mexico
Conakry,9.538,-13.677,Guinea
Maracay,10.247,-67.596,"Venezuela, Bolivarian Republic Of"
Medan,3.583,98.667,Indonesia
Rawalpindi,33.601,73.068,Pakistan
Minsk,53.9,27.567,Belarus
Mosul,36.335,43.119,Iraq
Hamburg,53.575,10.015,Germany
Curitiba,-25.428,-49.273,Brazil
Warsaw,52.23,21.012,Poland
Bandung,-6.904,107.619,Indonesia
Budapest,47.498,19.04,Hungary
Soweto,-26.268,27.858,South Africa
Vienna,48.208,16.372,Austria
Rabat,34.013,-6.833,Morocco
Qingdao,36.099,120.372,China
Guadalajara,20.667,-103.333,Mexico
Barcelona,41.389,2.159,Spain
Pretoria,-25.745,28.188,South Africa
Aleppo,36.201,37.161,Syrian Arab Republic
Manaus,-3.102,-60.025,Brazil
Tangshan,39.633,118.183,China
Xinyang,32.123,114.066,China
Puebla de Zaragoza,19.05,-98.2,Mexico
Kaduna,10.522,7.438,Nigeria
Phnom Penh,11.562,104.916,Cambodia
Damascus,33.51,36.291,Syrian Arab Republic
Esfahan,32.657,51.678,"Iran, Islamic Republic Of"
Harare,-17.828,31.053,Zimbabwe
Gorod Belgorod,50.599,36.593,Russian Federation
Kobe-shi,34.691,135.183,Japan
Philadelphia,39.952,-75.164,United States
Bekasi,-6.235,106.99,Indonesia
Kaohsiung,22.616,120.313,"Taiwan, Province Of China"
Ciudad Juarez,31.733,-106.483,Mexico
Urunchi,43.801,87.6,China
Manhattan,40.783,-73.966,United States
Asuncion,-25.301,-57.636,Paraguay
Recife,-8.054,-34.881,Brazil
Daejeon,36.321,127.42,"Korea, Republic Of"
Kumasi,6.688,-1.624,Ghana
Kyoto,35.021,135.754,Japan
Kuala Lumpur,3.141,101.687,Malaysia
Karaj,35.836,51.01,"Iran, Islamic Republic Of"
Perth,-31.952,115.861,Australia
Phoenix,33.448,-112.074,United States
Kathmandu,27.702,85.321,Nepal
Palembang,-2.917,104.746,Indonesia
Multan,30.196,71.475,Pakistan
Ha Noi,21.024,105.841,Viet Nam
Kharkiv,49.981,36.253,Ukraine
Cordoba,-31.413,-64.181,Argentina
Tabriz,38.08,46.292,"Iran, Islamic Republic Of"
Novosibirsk,55.041,82.935,Russian Federation
Gwangju,35.155,126.916,"Korea, Republic Of"
Bursa,40.192,29.061,Turkey
Belem,-1.456,-48.504,Brazil
Fushun,41.856,123.923,China
Quito,-0.23,-78.525,Ecuador
Fukuoka-shi,33.606,130.418,Japan
Antananarivo,-18.914,47.536,Madagascar
Luoyang,34.684,112.454,China
Hefei,31.864,117.281,China
Borough of Bronx,40.85,-73.866,United States
Valencia,10.162,-68.008,"Venezuela, Bolivarian Republic Of"
Gujranwala,32.162,74.188,Pakistan
Barranquilla,10.964,-74.796,Colombia
Liuyang,28.15,113.633,China
Tijuana,32.503,-117.004,Mexico
Lubumbashi,-11.661,27.479,"Congo, The Democratic Republic Of The"
Porto Alegre,-30.033,-51.23,Brazil
Tangerang,-6.178,106.63,Indonesia
Santa Cruz de la Sierra,-17.8,-63.167,"Bolivia, Plurinational State Of"
Handan,36.601,114.468,China
Kampala,0.316,32.582,Uganda
Suzhou,31.304,120.595,China
Khulna,22.81,89.564,Bangladesh
Douala,4.048,9.704,Cameroon
Shantou,23.368,116.715,China
San Antonio,29.424,-98.494,United States
Mecca,21.427,39.826,Saudi Arabia
Makassar,-5.14,119.422,Indonesia
San Diego,32.715,-117.157,United States
Kawasaki,35.521,139.717,Japan
Milano,45.464,9.19,Italy
Baotou,40.652,109.822,China
Medina,24.469,39.614,Saudi Arabia
Yaounde,3.867,11.517,Cameroon
Bamako,12.65,-8.0,Mali
Semarang,-6.993,110.42,Indonesia
Yekaterinburg,56.858,60.612,Russian Federation
Brazzaville,-4.266,15.283,Congo
Nizhniy Novgorod,56.329,44.002,Russian Federation
Amman,31.955,35.945,Jordan
Budta,7.204,124.44,Philippines
Belgrade,44.804,20.465,Serbia
Montevideo,-34.833,-56.167,Uruguay
Lusaka,-15.407,28.287,Zambia
Muenchen,48.137,11.575,Germany
Stockholm,59.333,18.065,Sweden
Ra's Bayrut,33.9,35.483,Lebanon
Shiraz,29.604,52.539,"Iran, Islamic Republic Of"
Adana,37.002,35.329,Turkey
Suigen,37.291,127.009,"Korea, Republic Of"
Port-au-Prince,18.539,-72.335,Haiti
Ciudad Nezahualcoyotl,19.414,-99.033,Mexico
Peshawar,34.008,71.578,Pakistan
Davao,7.073,125.613,Philippines
Mandalay,21.975,96.084,Myanmar
Santiago de los Caballeros,19.45,-70.7,Dominican Republic
Omdurman,15.645,32.478,Sudan
Anshan,41.124,122.99,China
Tongshan,34.18,117.157,China
Depok,-6.4,106.819,Indonesia
Dallas,32.783,-96.807,United States
Saitama,35.908,139.657,Japan
Gustavo A. Madero,19.479,-99.096,Mexico
Maputo,-25.966,32.583,Mozambique
Gustavo A. Madero,22.833,-98.767,Mexico
Fuzhou,26.061,119.306,China
Rosario,-32.947,-60.639,Argentina
Guiyang,26.583,106.717,China
Goiania,-16.679,-49.254,Brazil
Guarulhos,-23.463,-46.533,Brazil
Prague,50.088,14.421,Czech Republic
Copenhagen,55.676,12.566,Denmark
Sofia,42.698,23.324,Bulgaria
Tripoli,32.875,13.187,Libya
Port Harcourt,4.777,7.013,Nigeria
Hiroshima-shi,34.396,132.459,Japan
Dayan,26.869,100.221,China
Dubai,25.258,55.305,United Arab Emirates
Samara,53.2,50.15,Russian Federation
Omsk,55.0,73.4,Russian Federation
Benin City,6.335,5.627,Nigeria
Monterrey,25.667,-100.317,Mexico
Malingao,7.161,124.475,Philippines
Baku,40.378,49.892,Azerbaijan
Leon,21.117,-101.667,Mexico
Maiduguri,11.846,13.16,Nigeria
Wuxi,31.569,120.289,China
Kazan,55.789,49.122,Russian Federation
Yerevan,40.181,44.514,Armenia
Ouagadougou,12.366,-1.534,Burkina Faso
Yono,35.883,139.633,Japan
Rostov-na-Donu,47.231,39.723,Russian Federation
Adelaide,-34.929,138.599,Australia
Goyang,37.656,126.835,"Korea, Republic Of"
Gaziantep,37.059,37.383,Turkey
Chelyabinsk,55.154,61.43,Russian Federation
Datong,40.094,113.291,China
Tbilisi,41.694,44.834,Georgia
Changshu City,31.646,120.742,China
Taichung,24.147,120.684,"Taiwan, Province Of China"
Sendai-shi,38.269,140.872,Japan
Xianyang,34.338,108.703,China
Ufa,54.785,56.046,Russian Federation
Dnipropetrovsk,48.45,34.983,Ukraine
Seongnam,37.439,127.138,"Korea, Republic Of"
Campinas,-22.906,-47.061,Brazil
Huainan,32.626,116.997,China
Donets'k,48.023,37.802,Ukraine
Dublin,53.333,-6.249,Ireland
Kunming,25.039,102.718,China
Calgary,51.05,-114.085,Canada
Brussels,50.85,4.349,Belgium
Volgograd,48.719,44.502,Russian Federation
Nova Iguacu,-22.759,-43.451,Brazil
Jieyang,23.529,116.364,China
Odessa,46.477,30.733,Ukraine
Zhu Cheng City,35.995,119.403,China
Masjid Jamie Baitul Muttaqien,-6.368,107.956,Indonesia
Kitakyushu,33.833,130.833,Japan
Baoding,38.851,115.49,China
Guatemala City,14.641,-90.513,Guatemala
Napoli,40.833,14.25,Italy
Benxi,41.289,123.765,China
Zapopan,20.724,-103.385,Mexico
Birmingham,52.481,-1.9,United Kingdom
Perm',58.017,56.286,Russian Federation
Zaria,11.111,7.723,Nigeria
Managua,12.133,-86.25,Nicaragua
Port Elizabeth,-33.918,25.57,South Africa
Fes,34.037,-5.0,Morocco
Koeln,50.933,6.95,Germany
Ulsan,35.537,129.317,"Korea, Republic Of"
Brisbane,-27.468,153.028,Australia
Maceio,-9.666,-35.735,Brazil
Cartagena,10.4,-75.514,Colombia
Changzhou,31.783,119.967,China
Sultanah,24.493,39.586,Saudi Arabia
San Jose,37.339,-121.895,United States
Monrovia,6.301,-10.797,Liberia
Mamuju,-2.675,118.888,Indonesia
Kingston,17.997,-76.794,Jamaica
Erbil,36.193,44.011,Iraq
Krasnoyarsk,56.009,92.863,Russian Federation
Nay Pyi Taw,19.745,96.13,Myanmar
Chiba-shi,35.605,140.123,Japan
Sao Luis,-2.53,-44.303,Brazil
Sale,34.039,-6.817,Morocco
Huaibei,33.974,116.792,China
Cochabamba,-17.39,-66.157,"Bolivia, Plurinational State Of"
Abobo,5.416,-4.016,Côte D'ivoire
Qom,34.64,50.876,"Iran, Islamic Republic Of"
Abu Ghurayb,33.307,44.187,Iraq
Bishkek,42.87,74.59,Kyrgyzstan
Aba,5.107,7.367,Nigeria
Pingdingshan,33.738,113.301,China
Qiqihar,47.341,123.967,China
Klang,3.033,101.45,Malaysia
Mendoza,-32.891,-68.827,Argentina
Konya,37.871,32.485,Turkey
Mbuji-Mayi,-6.136,23.59,"Congo, The Democratic Republic Of The"
Pikine,14.75,-17.4,Senegal
Wenzhou,27.999,120.667,China
Torino,45.07,7.687,Italy
Saratov,51.541,46.009,Russian Federation
Tegucigalpa,14.082,-87.207,Honduras
Bucheon,37.499,126.783,"Korea, Republic Of"
Voronezh,51.672,39.184,Russian Federation
Naucalpan de Juarez,19.479,-99.24,Mexico
Ulaanbaatar,47.908,106.883,Mongolia
Ahvaz,31.32,48.669,"Iran, Islamic Republic Of"
Arequipa,-16.399,-71.535,Peru
Padang,-0.949,100.354,Indonesia
Marrakesh,31.634,-8.0,Morocco
Kampung Baru Subang,3.15,101.533,Malaysia
Indianapolis,39.768,-86.158,United States
Jacksonville,30.332,-81.656,United States
Duque de Caxias,-22.786,-43.312,Brazil
Jos,9.917,8.9,Nigeria
Valencia,39.47,-0.377,Spain
Ilorin,8.5,4.55,Nigeria
Callao,-12.067,-77.15,Peru
La Paz,-16.5,-68.15,"Bolivia, Plurinational State Of"
Ottawa,45.411,-75.698,Canada
Barquisimeto,10.074,-69.323,"Venezuela, Bolivarian Republic Of"
San Francisco,37.775,-122.419,United States
Nanning,22.817,108.317,China
Freetown,8.484,-13.23,Sierra Leone
Johor Bahru,1.466,103.758,Malaysia
Bandarlampung,-5.425,105.258,Indonesia
Zagreb - Centar,45.813,15.978,Croatia
Bogor,-6.594,106.789,Indonesia
Mombasa,-4.055,39.664,Kenya
Cebu City,10.317,123.891,Philippines
Muscat,23.614,58.592,Oman
Zaporizhzhya,47.823,35.19,Ukraine
Marseille,43.297,5.381,France
Az Zarqa',32.073,36.088,Jordan
Cankaya,39.918,32.863,Turkey
Austin,30.267,-97.743,United States
Columbus,39.961,-82.999,United States
Boumerdas,36.766,3.477,Algeria
Sakai,34.583,135.467,Japan
Anyang,36.099,114.329,China
San Miguel de Tucuman,-26.824,-65.223,Argentina
Homs,34.727,36.723,Syrian Arab Republic
Hohhot,40.811,111.652,China
Niamey,13.514,2.11,Niger
Tainan,22.991,120.213,"Taiwan, Province Of China"
Shangyu,30.016,120.871,China
Lodz,51.75,19.467,Poland
Ad Dammam,26.434,50.103,Saudi Arabia
Xining,36.617,101.767,China
Kahriz,34.384,47.055,"Iran, Islamic Republic Of"
Natal,-5.795,-35.209,Brazil
Qinhuangdao,39.932,119.588,China
Hengyang,26.888,112.615,China
Antalya,36.908,30.696,Turkey
Krakow,50.083,19.917,Poland
Turan,16.068,108.221,Viet Nam
Pietermaritzburg,-29.617,30.393,South Africa
Lome,6.137,1.212,Togo
Trujillo,-8.116,-79.03,Peru
Malang,-7.98,112.63,Indonesia
Ciudad Guayana,8.351,-62.641,"Venezuela, Bolivarian Republic Of"
Kigali,-1.95,30.059,Rwanda
Teresina,-5.089,-42.802,Brazil
Xinxiang,35.309,113.867,China
Sao Bernardo do Campo,-23.694,-46.565,Brazil
Hegang,47.4,130.367,China
Riga,56.946,24.106,Latvia
Amsterdam,52.374,4.89,Netherlands
Fort Worth,32.725,-97.321,United States
Oyo,7.85,3.933,Nigeria
Quetta,30.199,67.01,Pakistan
Charlotte,35.227,-80.843,United States
Campo Grande,-20.443,-54.646,Brazil
Athens,37.979,23.716,Greece
Ashgabat,37.95,58.383,Turkmenistan
Guadalupe,25.683,-100.25,Mexico
Bagcilar,41.039,28.857,Turkey
As Sulaymaniyah,35.565,45.433,Iraq
Cucuta,7.894,-72.508,Colombia
N'Djamena,12.107,15.044,Chad
Langfang,39.51,116.695,China
Ningbo,29.878,121.549,China
Yantai,37.533,121.4,China
L'viv,49.838,24.023,Ukraine
Merida,20.967,-89.617,Mexico
Tlalnepantla,19.527,-99.222,Mexico
Jerusalem,31.769,35.216,Israel
Detroit,42.331,-83.046,United States
Edmonton,53.55,-113.469,Canada
Jeonju,35.822,127.149,"Korea, Republic Of"
Zhuzhou,27.833,113.15,China
Chihuahua,28.633,-106.083,Mexico
Alvaro Obregon,19.373,-99.225,Mexico
Pekanbaru,0.533,101.45,Indonesia
Sevilla,37.382,-5.976,Spain
Tol'yatti,53.53,49.346,Russian Federation
Jaboatao,-8.18,-35.001,Brazil
Shizuoka-shi,34.977,138.383,Japan
Rajshahi,24.367,88.6,Bangladesh
City of Balikpapan,-1.242,116.894,Indonesia
Changzhi,35.209,111.739,China
Bulawayo,-20.15,28.583,Zimbabwe
Zagreb,45.814,15.978,Croatia
Agadir,30.42,-9.598,Morocco
Sarajevo,43.849,18.356,Bosnia And Herzegovina
La Plata,-34.921,-57.955,Argentina
Tunis,36.819,10.166,Tunisia
Zhangjiakou,40.81,114.879,China
Cotonou,6.365,2.418,Benin
Zigong,29.342,104.777,China
Fuxin,42.016,121.659,China
Enugu,6.44,7.494,Nigeria
Tangier,35.767,-5.8,Morocco
Huangshi,30.204,115.078,China
Liaoyang,41.272,123.173,China
Nerima,35.733,139.65,Japan
Kumamoto-shi,32.79,130.742,Japan
General Santos,6.113,125.172,Philippines
Osasco,-23.532,-46.792,Brazil
San Luis Potosi,22.15,-100.983,Mexico
Zaragoza,41.656,-0.877,Spain
Xiangtan,27.85,112.9,China
Ipoh,4.584,101.083,Malaysia
Palermo,38.116,13.36,Italy
Zibo,36.791,118.063,China
Mississauga,43.579,-79.658,Canada
Puyang,35.703,115.005,China
Nantong,32.03,120.875,China
Mudanjiang,44.583,129.6,China
Santo Andre,-23.664,-46.538,Brazil
Nouakchott,18.086,-15.979,Mauritania
Pointe-Noire,-4.776,11.864,Congo
Aguascalientes,21.883,-102.3,Mexico
Kryvyy Rih,47.91,33.38,Ukraine
Acapulco de Juarez,16.863,-99.89,Mexico
Joao Pessoa,-7.115,-34.863,Brazil
Ansan,37.324,126.822,"Korea, Republic Of"
Benghazi,32.117,20.067,Libya
Frankfurt am Main,50.117,8.683,Germany
Krasnodar,45.049,38.972,Russian Federation
Guilin,25.282,110.286,China
El Paso,31.759,-106.487,United States
Sagamihara,35.553,139.354,Japan
Colombo,6.932,79.848,Sri Lanka
Memphis,35.15,-90.049,United States
Lilongwe,-13.967,33.787,Malawi
Oran,35.691,-0.642,Algeria
Diyarbakir,37.916,40.219,Turkey
Taguig,14.524,121.079,Philippines
New South Memphis,35.087,-90.057,United States
Ul'yanovsk,54.328,48.387,Russian Federation
Kotli,33.517,73.917,Pakistan
Okayama-shi,34.662,133.935,Japan
Zhanjiang,21.281,110.343,China
Yogyakarta,-7.783,110.361,Indonesia
North York,43.767,-79.416,Canada
Chisinau,47.006,28.858,"Moldova, Republic Of"
Wroclaw,51.1,17.033,Poland
Cheongju,36.637,127.49,"Korea, Republic Of"
Anyang,37.392,126.927,"Korea, Republic Of"
Zhenjiang,32.211,119.455,China
Winnipeg,49.884,-97.147,Canada
Dandong,40.129,124.395,China
Izhevsk,56.85,53.204,Russian Federation
Jaboatao dos Guararapes,-8.113,-35.015,Brazil
Shaoguan,24.8,113.583,China
Yancheng,33.386,120.125,China
Coyoacan,19.329,-99.16,Mexico
Foshan,23.027,113.131,China
Contagem,-19.932,-44.054,Brazil
Panshan,41.188,122.049,China
Djibouti,11.589,43.145,Djibouti
Saltillo,25.417,-101.0,Mexico
Kermanshah,34.314,47.065,"Iran, Islamic Republic Of"
Baltimore,39.29,-76.612,United States
Al Hudaydah,14.798,42.955,Yemen
Boston,42.358,-71.06,United States
Pasig City,14.587,121.061,Philippines
Haikou,20.046,110.342,China
Ta`izz,13.58,44.021,Yemen
Sao Jose dos Campos,-23.179,-45.887,Brazil
Taizhou,32.491,119.908,China
Santiago de Queretaro,20.6,-100.383,Mexico
Xingtai,37.063,114.494,China
Glasgow,55.865,-4.258,United Kingdom
Seattle,47.606,-122.332,United States
Tlalpan,19.283,-99.167,Mexico
Yaroslavl',57.63,39.874,Russian Federation
Benoni,-26.188,28.321,South Africa
Hamamatsu,34.7,137.733,Japan
Jinzhou,41.108,121.142,China
Abu Dhabi,24.467,54.367,United Arab Emirates
Haiphong,20.856,106.682,Viet Nam
Genova,44.406,8.934,Italy
"Washington, D. C.",38.895,-77.036,United States
Islamabad,33.721,73.043,Pakistan
Kirkuk,35.468,44.392,Iraq
Denver,39.739,-104.985,United States
Shuangyashan,46.636,131.154,China
Situbondo,-7.706,114.01,Indonesia
Barnaul,53.361,83.764,Russian Federation
Rotterdam,51.922,4.479,Netherlands
Luancheng,37.879,114.652,China
Mexicali,32.652,-115.468,Mexico
Hermosillo,29.067,-110.967,Mexico
Milwaukee,43.039,-87.906,United States
Rasht,37.281,49.583,"Iran, Islamic Republic Of"
Abeokuta,7.15,3.35,Nigeria
Essen,51.457,7.012,Germany
Kayseri,38.732,35.485,Turkey
Morelia,19.701,-101.184,Mexico
Yingkou,40.665,122.228,China
Abuja,9.069,7.484,Nigeria
Zhangzhou,24.513,117.656,China
Stuttgart,48.782,9.177,Germany
Dortmund,51.515,7.466,Germany
Vladivostok,43.106,131.874,Russian Federation
Irkutsk,52.298,104.296,Russian Federation
Blantyre,-15.785,35.009,Malawi
New Kingston,18.007,-76.783,Jamaica
Portland,45.523,-122.676,United States
Las Vegas,36.175,-115.137,United States
Culiacan,24.799,-107.39,Mexico
Oslo,59.913,10.746,Norway
Oklahoma City,35.468,-97.516,United States
Hachioji,35.656,139.324,Japan
Khabarovsk,48.481,135.093,Russian Federation
Xiamen,24.48,118.082,China
Khabarovsk Vtoroy,48.445,135.138,Russian Federation
Libreville,0.392,9.454,Gabon
Kerman,30.283,57.079,"Iran, Islamic Republic Of"
Chiclayo,-6.774,-79.842,Peru
Orumiyeh,37.553,45.076,"Iran, Islamic Republic Of"
Bahcelievler,41.002,28.86,Turkey
Bengbu,32.941,117.361,China
Umraniye,41.016,29.125,Turkey
Dusseldorf,51.222,6.776,Germany
Banjarmasin,-3.324,114.591,Indonesia
Shihezi,44.3,86.033,China
Bucaramanga,7.125,-73.12,Colombia
South Boston,42.333,-71.049,United States
Kuching,1.55,110.333,Malaysia
Poznan,52.407,16.93,Poland
Veracruz,19.2,-96.133,Mexico
Malaga,36.72,-4.42,Spain
Bouake,7.694,-5.03,Côte D'ivoire
Asmara,15.333,38.933,Eritrea
Sokoto,13.061,5.239,Nigeria
Uberlandia,-18.919,-48.277,Brazil
Onitsha,6.145,6.788,Nigeria
Funabashi,35.693,139.983,Japan
Hamhung,39.918,127.536,"Korea, Democratic People's Republic Of"
Sorocaba,-23.502,-47.458,Brazil
Helsinki,60.17,24.935,Finland
Santiago de Cuba,20.025,-75.822,Cuba
Siping,43.163,124.369,China
Kagoshima-shi,31.56,130.558,Japan
Surakarta,-7.556,110.832,Indonesia
Huaiyin,33.589,119.019,China
Mar del Plata,-38.002,-57.558,Argentina
Bahawalpur,29.4,71.683,Pakistan
Zahedan,29.496,60.863,"Iran, Islamic Republic Of"
Ribeirao Preto,-21.177,-47.81,Brazil
Aden,12.779,45.037,Yemen
Orenburg,51.773,55.099,Russian Federation
Changwon,35.228,128.681,"Korea, Republic Of"
Pristina,42.673,21.167,
Jiamusi,46.833,130.35,China
Antipolo,14.586,121.175,Philippines
Neijiang,29.584,105.062,China
Bremen,53.075,8.808,Germany
Albuquerque,35.084,-106.651,United States
Meknes,33.894,-5.547,Morocco
Matola,-25.962,32.459,Mozambique
Sharjah,25.357,55.403,United Arab Emirates
Banqiao,25.014,121.467,"Taiwan, Province Of China"
Dushanbe,38.536,68.779,Tajikistan
Sargodha,32.084,72.671,Pakistan
Bangui,4.361,18.555,Central African Republic
Vilnius,54.689,25.28,Lithuania
Cancun,21.174,-86.847,Mexico
Yangzhou,32.397,119.436,China
Novokuznetsk,53.756,87.11,Russian Federation
Kisangani,0.515,25.191,"Congo, The Democratic Republic Of The"
Port Said,31.257,32.284,Egypt
Mercin,36.795,34.618,Turkey
Warri,5.517,5.75,Nigeria
Guli,28.883,120.033,China
Tanggu,39.021,117.647,China
Jiangmen,22.583,113.083,China
Nashville,36.166,-86.784,United States
Ta'if,21.27,40.416,Saudi Arabia
Beira,-19.844,34.839,Mozambique
Touba,14.85,-15.883,Senegal
Quebec,46.812,-71.215,Canada
Hamadan,34.799,48.515,"Iran, Islamic Republic Of"
Cangzhou,38.317,116.867,China
Gold Coast,-28.0,153.431,Australia
San Salvador,13.689,-89.187,El Salvador
Santa Maria Chimalhuacan,19.417,-98.9,Mexico
Torreon,25.55,-103.433,Mexico
Cuiaba,-15.596,-56.097,Brazil
Cuauhtemoc,19.417,-99.157,Mexico
Ciudad Lopez Mateos,19.558,-99.261,Mexico
Petaling Jaya,3.107,101.607,Malaysia
Macau,22.201,113.546,Macao
Esenler,41.044,28.876,Turkey
Ryazan',54.627,39.692,Russian Federation
Tucson,32.222,-110.926,United States
Tyumen',57.152,65.527,Russian Federation
Quilmes,-34.724,-58.253,Argentina
Lisbon,38.717,-9.133,Portugal
Changde,29.046,111.678,China
Jiaozuo,35.24,113.233,China
Lipetsk,52.603,39.571,Russian Federation
Hannover,52.371,9.733,Germany
Eskisehir,39.777,30.521,Turkey
Azadshahr,34.79,48.57,"Iran, Islamic Republic Of"
Salta,-24.786,-65.412,Argentina
Penza,53.201,45.005,Russian Federation
Tembisa,-25.996,28.227,South Africa
Mykolayiv,46.966,31.997,Ukraine
Aparecida de Goiania,-16.823,-49.244,Brazil
Puente Alto,-33.617,-70.583,Chile
Makati City,14.55,121.033,Philippines
Naberezhnyye Chelny,55.725,52.411,Russian Federation
San Nicolas de los Garza,25.75,-100.3,Mexico
Wuhu,31.337,118.375,China
Toluca,19.288,-99.667,Mexico
Niigata-shi,37.902,139.024,Japan
Leipzig,51.34,12.371,Germany
Hamilton,43.233,-79.95,Canada
Duisburg,51.432,6.765,Germany
Goeteborg,57.707,11.967,Sweden
Arak,34.092,49.689,"Iran, Islamic Republic Of"
Astrakhan',46.35,48.041,Russian Federation
Zhuhai,22.277,113.568,China
Hoko,36.032,129.365,"Korea, Republic Of"
Nuremberg,49.448,11.068,Germany
Shashi,30.307,112.245,China
Reynosa,26.083,-98.283,Mexico
Makhachkala,42.976,47.502,Russian Federation
Newcastle,-32.927,151.776,Australia
Fresno,36.748,-119.772,United States
Cimahi,-6.872,107.543,Indonesia
Tlaquepaque,20.641,-103.293,Mexico
Aracaju,-10.911,-37.072,Brazil
Port Sudan,19.617,37.216,Sudan
Santa Fe de la Vera Cruz,-31.633,-60.7,Argentina
San Pedro Sula,15.5,-88.033,Honduras
Suez,29.974,32.526,Egypt
Dresden,51.051,13.738,Germany
Tomsk,56.499,84.976,Russian Federation
Masina,-4.384,15.391,"Congo, The Democratic Republic Of The"
An Najaf al Ashraf,31.989,44.329,Iraq
Feira de Santana,-12.267,-38.967,Brazil
Shah Alam,3.085,101.533,Malaysia
Mariupol',47.067,37.5,Ukraine
Himeji,34.817,134.7,Japan
Tuxtla Gutierrez,16.75,-93.117,Mexico
Homyel',52.434,30.975,Belarus
Vijongbu,37.742,127.047,"Korea, Republic Of"
East London,-33.015,27.912,South Africa
Yazd,31.897,54.367,"Iran, Islamic Republic Of"
Hargeysa,9.56,44.065,Somalia
Sialkot,32.51,74.543,Pakistan
Kemerovo,55.333,86.083,Russian Federation
Yichang,30.714,111.285,China
Hwaseong,37.207,126.817,"Korea, Republic Of"
Cuautitlan Izcalli,19.647,-99.247,Mexico
Yinchuan,38.468,106.273,China
Skopje,42.0,21.433,"Macedonia, The Former Yugoslav Republic Of"
Vereeniging,-26.673,27.926,South Africa
Den Haag,52.077,4.299,Netherlands
Mixco,14.633,-90.606,Guatemala
Lyon,45.748,4.847,France
Londrina,-23.31,-51.163,Brazil
Jiaojiang,28.68,121.443,China
Matsudo,35.783,139.9,Japan
Juiz de Fora,-21.764,-43.35,Brazil
Liverpool,53.411,-2.978,United Kingdom
Nishinomiya,34.717,135.333,Japan
Tula,54.202,37.644,Russian Federation
Staten Island,40.562,-74.14,United States
Kawaguchi,35.805,139.721,Japan
Sacramento,38.582,-121.494,United States
Zunyi,27.687,106.907,China
Jiaxing,30.752,120.75,China
Belford Roxo,-22.764,-43.399,Brazil
Liaoyuan,42.904,125.136,China
Kananga,-5.896,22.417,"Congo, The Democratic Republic Of The"
Bloemfontein,-29.121,26.214,South Africa
Xiangyang,32.042,112.145,China
Long Beach,33.767,-118.189,United States
Gdansk,54.352,18.646,Poland
Calabar,4.952,8.322,Nigeria
Dadukou,26.548,101.705,China
Joinville,-26.304,-48.846,Brazil
Hamah,35.132,36.758,Syrian Arab Republic
Antwerpen,51.22,4.403,Belgium
Kansas City,39.1,-94.579,United States
Kanazawa-shi,36.594,136.626,Japan
Ichikawa,35.72,139.925,Japan
Karabaglar,38.374,27.135,Turkey
Zamboanga,6.91,122.074,Philippines
Kirov,58.597,49.66,Russian Federation
Kota Kinabalu,5.975,116.072,Malaysia
Durango,24.033,-104.667,Mexico
Niteroi,-22.883,-43.104,Brazil
Hengshui,37.732,115.701,China
Tabuk,28.383,36.583,Saudi Arabia
Pontianak,-0.033,109.333,Indonesia
Leeds,53.796,-1.548,United Kingdom
Namp'o,38.737,125.408,"Korea, Democratic People's Republic Of"
Bacolod City,10.667,122.95,Philippines
Sao Joao de Meriti,-22.804,-43.372,Brazil
Mansilingan,10.631,122.979,Philippines
Luhans'k,48.567,39.317,Ukraine
Manado,1.487,124.846,Indonesia
Karagandy,49.833,73.166,Kazakhstan
Jining,35.405,116.581,China
Constantine,36.365,6.615,Algeria
Utsunomiya-shi,36.566,139.884,Japan
Sanliurfa,37.167,38.794,Turkey
Chengde,40.972,117.936,China
Xuchang,34.017,113.817,China
Oita-shi,33.238,131.613,Japan
Venustiano Carranza,19.43,-99.099,Mexico
San Juan,-31.538,-68.536,Argentina
Sheffield,53.383,-1.466,United Kingdom
Cheboksary,56.132,47.252,Russian Federation
Boksburg,-26.212,28.26,South Africa
Cagayan de Oro,8.482,124.647,Philippines
Matsuyama-shi,33.839,132.766,Japan
Amagasaki,34.717,135.417,Japan
Carrefour,18.541,-72.399,Haiti
Dasmarinas,14.329,120.937,Philippines
Malatya,38.35,38.317,Turkey
Pereira,4.813,-75.696,Colombia
Mesa,33.422,-111.823,United States
Mawlamyine,16.491,97.626,Myanmar
Virginia Beach,36.853,-75.978,United States
Iquitos,-3.748,-73.247,Peru
Kurashiki,34.583,133.767,Japan
Sultangazi,41.107,28.868,Turkey
Garoua,9.3,13.4,Cameroon
Murcia,37.987,-1.13,Spain
Mwanza,-2.517,32.9,"Tanzania, United Republic Of"
Edinburgh,55.952,-3.196,United Kingdom
Kousseri,12.077,15.031,Cameroon
Heroica Matamoros,25.883,-97.5,Mexico
Kaliningrad,54.706,20.511,Russian Federation
Karbala,32.616,44.025,Iraq
Ananindeua,-1.366,-48.372,Brazil
Balikpapan,-1.268,116.829,Indonesia
Brampton,43.683,-79.766,Canada
Toulouse,43.604,1.444,France
Namangan,40.998,71.673,Uzbekistan
Katsina,12.989,7.601,Nigeria
Welkom,-27.986,26.707,South Africa
Santa Marta,11.241,-74.199,Colombia
Al Mahallah al Kubra,30.974,31.165,Egypt
Bristol,51.455,-2.597,United Kingdom
Yokosuka,35.284,139.667,Japan
East Jerusalem,31.783,35.234,"Palestinian Territory, Occupied"
Luqiao,28.581,121.377,China
Bryansk,53.252,34.372,Russian Federation
Maltepe,40.936,29.155,Turkey
Azcapotzalco,19.487,-99.186,Mexico
Xalapa de Enriquez,19.533,-96.917,Mexico
Barcelona,10.133,-64.7,"Venezuela, Bolivarian Republic Of"
Chaozhou,23.665,116.638,China
Bratislava,48.148,17.107,Slovakia
Likasi,-10.981,26.733,"Congo, The Democratic Republic Of The"
Luxor,25.699,32.642,Egypt
Ibague,4.439,-75.232,Colombia
Shaoxing,30.011,120.572,China
Ivanovo,56.997,40.971,Russian Federation
Erzurum,39.909,41.277,Turkey
Akure,7.253,5.193,Nigeria
Asyut,27.181,31.184,Egypt
Jambi,-1.6,103.617,Indonesia
Al Mansurah,31.036,31.381,Egypt
Atlanta,33.749,-84.388,United States
San Juan,18.466,-66.106,Puerto Rico
Kolwezi,-10.715,25.467,"Congo, The Democratic Republic Of The"
Auckland,-36.867,174.767,New Zealand
Sukkur,27.705,68.857,Pakistan
Luohe,33.572,114.035,China
Colorado Springs,38.834,-104.821,United States
Shymkent,42.3,69.6,Kazakhstan
Yangquan,37.858,113.563,China
Magnitogorsk,53.419,59.047,Russian Federation
Florianopolis,-27.597,-48.549,Brazil
Wandsbek,53.567,10.1,Germany
Santos,-23.961,-46.334,Brazil
Maturin,9.75,-63.177,"Venezuela, Bolivarian Republic Of"
Ardabil,38.25,48.293,"Iran, Islamic Republic Of"
Nagasaki-shi,32.745,129.874,Japan
Chaoyang,41.57,120.459,China
Gaza,31.5,34.467,"Palestinian Territory, Occupied"
Kursk,51.737,36.187,Russian Federation
Kitchener,43.425,-80.511,Canada
Omaha,41.259,-95.938,United States
Al `Ayn,24.192,55.761,United Arab Emirates
Jeju,33.51,126.522,"Korea, Republic Of"
Panama,8.994,-79.52,Panama
Shiyan,32.567,110.783,China
Szczecin,53.429,14.553,Poland
Bien Hoa,10.95,106.817,Viet Nam
Villa Nueva,14.527,-90.588,Guatemala
Ribeirao das Neves,-19.767,-44.087,Brazil
Hirakata,34.814,135.649,Japan
Denpasar,-8.65,115.217,Indonesia
Oujda,34.681,-1.908,Morocco
Tanda,30.788,31.002,Egypt
Newcastle,-27.758,29.932,South Africa
Xochimilco,19.262,-99.108,Mexico
Hsinchu,24.804,120.969,"Taiwan, Province Of China"
Raleigh,35.772,-78.639,United States
Jixi,45.3,130.967,China
Zanzibar,-6.164,39.198,"Tanzania, United Republic Of"
Taoyuan City,24.994,121.297,"Taiwan, Province Of China"
Tonala,20.624,-103.234,Mexico
Kassala,15.451,36.4,Sudan
Palma,39.569,2.65,Spain
Kitwe,-12.802,28.213,Zambia
An Nasiriyah,31.058,46.257,Iraq
Tver',56.86,35.876,Russian Federation
West Jerusalem,31.782,35.22,Israel
Machida,35.54,139.451,Japan
Yangjiang,21.85,111.967,China
Miami,25.774,-80.194,United States
Khmel'nyts'kyy,49.422,26.997,Ukraine
Gifu-shi,35.423,136.76,Japan
Keelung,25.128,121.742,"Taiwan, Province Of China"
Cleveland,41.499,-81.695,United States
Manchester,53.481,-2.237,United Kingdom
Iztacalco,19.397,-99.085,Mexico
Surrey,49.106,-122.825,Canada
Vila Velha,-20.33,-40.292,Brazil
Weifang,36.71,119.102,China
Fujisawa,35.342,139.47,Japan
Ndola,-12.959,28.637,Zambia
Serra,-20.129,-40.308,Brazil
Samsun,41.287,36.33,Turkey
Tallinn,59.437,24.754,Estonia
Bamenda,5.953,10.158,Cameroon
El Obeid,13.184,30.217,Sudan
Bello,6.337,-75.558,Colombia
Xinpu,34.6,119.159,China
Sandakan,5.84,118.118,Malaysia
Tulsa,36.154,-95.993,United States
Buraydah,26.326,43.975,Saudi Arabia
Kandahar,31.613,65.71,Afghanistan
Oakland,37.804,-122.271,United States
Diadema,-23.686,-46.623,Brazil
Dongguan,23.049,113.745,China
Comilla,23.462,91.185,Bangladesh
Samut Prakan,13.599,100.597,Thailand
Nampula,-15.116,39.267,Mozambique
Bissau,11.864,-15.598,Guinea-Bissau
Iloilo,10.697,122.564,Philippines
Khamis Mushayt,18.306,42.729,Saudi Arabia
Campos,-21.75,-41.3,Brazil
Resistencia,-27.461,-58.984,Argentina
Misratah,32.375,15.093,Libya
Maua,-23.668,-46.461,Brazil
Abomey-Calavi,6.449,2.356,Benin
Bochum,51.482,7.216,Germany
Toyonaka,34.782,135.469,Japan
Betim,-19.968,-44.198,Brazil
Fukuyama,34.483,133.367,Japan
Delmas 73,18.545,-72.303,Haiti
Minneapolis,44.98,-93.264,United States
Wichita,37.692,-97.338,United States
Pasto,1.214,-77.281,Colombia
Wellington,-41.287,174.776,New Zealand
Las Palmas de Gran Canaria,28.1,-15.413,Spain
Caxias do Sul,-29.168,-51.179,Brazil
Nizhniy Tagil,57.919,59.965,Russian Federation
Bochum-Hordel,51.502,7.176,Germany
Dezhou,37.449,116.293,China
Sevastopol',44.589,33.522,Ukraine
Krugersdorp,-26.086,27.775,South Africa
Toyohashi,34.767,137.383,Japan
Zhoukou,33.633,114.633,China
Laval,45.57,-73.692,Canada
Huancayo,-12.067,-75.233,Peru
Makiyivka,48.048,37.926,Ukraine
Putian,25.439,119.01,China
Kahramanmaras,37.585,36.926,Turkey
Shimminatocho,34.183,135.2,Japan
Tirana,41.328,19.819,Albania
Sao Jose do Rio Preto,-20.82,-49.379,Brazil
Kaunas,54.9,23.9,Lithuania
Xuanhua,40.61,115.045,China
Seremban,2.73,101.938,Malaysia
Pingxiang,27.617,113.85,China
Van,38.492,43.383,Turkey
Honolulu,21.307,-157.858,United States
Firenze,43.767,11.25,Italy
Bologna,44.494,11.339,Italy
Abadan,30.339,48.304,"Iran, Islamic Republic Of"
Fenghuang,27.936,109.6,China
Puerto La Cruz,10.217,-64.617,"Venezuela, Bolivarian Republic Of"
Brno,49.195,16.608,Czech Republic
Mahilyow,53.917,30.345,Belarus
Nara-shi,34.685,135.805,Japan
Olinda,-8.009,-34.855,Brazil
Kenitra,34.261,-6.58,Morocco
Bydgoszcz,53.123,18.008,Poland
Kuantan,3.808,103.326,Malaysia
Xico,19.267,-98.933,Mexico
Arlington,32.736,-97.108,United States
Tenan,36.806,127.152,"Korea, Republic Of"
Petare,10.472,-66.802,"Venezuela, Bolivarian Republic Of"
Larkana,27.555,68.214,Pakistan
Christchurch,-43.533,172.633,New Zealand
Stavropol',45.043,41.973,Russian Federation
Villahermosa,17.983,-92.917,Mexico
Toyota,35.083,137.15,Japan
Manukau City,-36.993,174.88,New Zealand
Zhaoqing,23.051,112.46,China
Atasehir,40.983,29.117,Turkey
Sheikhupura,31.713,73.978,Pakistan
Carapicuiba,-23.523,-46.836,Brazil
Wuppertal,51.27,7.168,Germany
Tamale,9.401,-0.839,Ghana
Ulan-Ude,51.826,107.61,Russian Federation
Nagano-shi,36.651,138.181,Japan
Bobo-Dioulasso,11.177,-4.298,Burkina Faso
Lublin,51.25,22.567,Poland
Shinagawa-ku,35.609,139.73,Japan
Halifax,44.645,-63.572,Canada
Anqing,30.509,117.051,China
Taraz,42.9,71.367,Kazakhstan
Simferopol',44.957,34.111,Ukraine
San Jose del Monte,14.814,121.045,Philippines
Manizales,5.069,-75.517,Colombia
Kwangmyong,37.477,126.866,"Korea, Republic Of"
Zanjan,36.674,48.479,"Iran, Islamic Republic Of"
Iwaki,37.05,140.883,Japan
Bacoor,14.459,120.929,Philippines
Asahikawa,43.768,142.37,Japan
Manama,26.22,50.83,Bahrain
Port Louis,-20.17,57.5,Mauritius
